WIDTH=12;
DEPTH=19200;

ADDRESS_RADIX=UNS;
DATA_RADIX=HEX;

CONTENT BEGIN
    0 : F65;
    1 : F65;
    2 : F65;
    3 : F65;
    4 : F65;
    5 : F65;
    6 : F65;
    7 : F65;
    8 : F65;
    9 : F65;
    10 : F65;
    11 : F65;
    12 : F65;
    13 : F65;
    14 : F65;
    15 : F65;
    16 : F65;
    17 : F65;
    18 : F65;
    19 : F65;
    20 : F65;
    21 : F65;
    22 : F65;
    23 : F65;
    24 : F65;
    25 : F65;
    26 : F65;
    27 : F65;
    28 : F65;
    29 : F65;
    30 : F65;
    31 : F65;
    32 : F65;
    33 : F65;
    34 : F65;
    35 : F65;
    36 : F65;
    37 : F65;
    38 : F65;
    39 : F65;
    40 : F65;
    41 : F65;
    42 : F65;
    43 : F65;
    44 : F65;
    45 : F65;
    46 : F65;
    47 : F65;
    48 : F65;
    49 : F65;
    50 : F65;
    51 : F65;
    52 : F65;
    53 : F65;
    54 : F65;
    55 : F65;
    56 : F65;
    57 : F65;
    58 : F65;
    59 : F65;
    60 : F65;
    61 : F65;
    62 : F65;
    63 : F65;
    64 : F65;
    65 : F65;
    66 : F65;
    67 : F65;
    68 : F65;
    69 : F65;
    70 : F65;
    71 : F65;
    72 : F65;
    73 : F65;
    74 : F65;
    75 : F65;
    76 : F65;
    77 : F65;
    78 : F65;
    79 : F65;
    80 : F65;
    81 : F65;
    82 : F65;
    83 : F65;
    84 : F65;
    85 : F65;
    86 : F65;
    87 : F65;
    88 : F65;
    89 : F65;
    90 : F65;
    91 : F65;
    92 : F65;
    93 : F65;
    94 : F65;
    95 : F65;
    96 : F65;
    97 : F65;
    98 : F65;
    99 : F65;
    100 : F65;
    101 : F65;
    102 : F65;
    103 : F65;
    104 : F65;
    105 : F65;
    106 : F65;
    107 : F65;
    108 : F65;
    109 : F65;
    110 : F65;
    111 : F65;
    112 : F65;
    113 : F65;
    114 : F65;
    115 : F65;
    116 : F65;
    117 : F65;
    118 : F65;
    119 : F65;
    120 : F65;
    121 : F65;
    122 : F65;
    123 : F65;
    124 : F65;
    125 : F65;
    126 : F65;
    127 : F65;
    128 : F65;
    129 : F65;
    130 : F65;
    131 : F65;
    132 : F65;
    133 : F65;
    134 : F65;
    135 : F65;
    136 : F65;
    137 : F65;
    138 : F65;
    139 : F65;
    140 : F65;
    141 : F65;
    142 : F65;
    143 : F65;
    144 : F65;
    145 : F65;
    146 : F65;
    147 : F65;
    148 : F65;
    149 : F65;
    150 : F65;
    151 : F65;
    152 : F65;
    153 : F65;
    154 : F65;
    155 : F65;
    156 : F65;
    157 : F65;
    158 : F65;
    159 : F65;
    160 : F65;
    161 : F65;
    162 : F65;
    163 : F65;
    164 : F65;
    165 : F65;
    166 : F65;
    167 : F65;
    168 : F65;
    169 : F65;
    170 : F65;
    171 : F65;
    172 : F65;
    173 : F65;
    174 : F65;
    175 : F65;
    176 : F65;
    177 : F65;
    178 : F65;
    179 : F65;
    180 : F65;
    181 : F65;
    182 : F65;
    183 : F65;
    184 : F65;
    185 : F65;
    186 : F65;
    187 : F65;
    188 : F65;
    189 : F65;
    190 : F65;
    191 : F65;
    192 : F65;
    193 : F65;
    194 : F65;
    195 : F65;
    196 : F65;
    197 : F65;
    198 : F65;
    199 : F65;
    200 : F65;
    201 : F65;
    202 : F65;
    203 : F65;
    204 : F65;
    205 : F65;
    206 : F65;
    207 : F65;
    208 : F65;
    209 : F65;
    210 : F65;
    211 : F65;
    212 : F65;
    213 : F65;
    214 : F65;
    215 : F65;
    216 : F65;
    217 : F65;
    218 : F65;
    219 : F65;
    220 : F65;
    221 : F65;
    222 : F65;
    223 : F65;
    224 : F65;
    225 : F65;
    226 : F65;
    227 : F65;
    228 : F65;
    229 : F65;
    230 : F65;
    231 : F65;
    232 : F65;
    233 : F65;
    234 : F65;
    235 : F65;
    236 : F65;
    237 : F65;
    238 : F65;
    239 : F65;
    240 : F65;
    241 : F65;
    242 : F65;
    243 : F65;
    244 : F65;
    245 : F65;
    246 : F65;
    247 : F65;
    248 : F65;
    249 : F65;
    250 : F65;
    251 : F65;
    252 : F65;
    253 : F65;
    254 : F65;
    255 : F65;
    256 : F65;
    257 : F65;
    258 : F65;
    259 : F65;
    260 : F65;
    261 : F65;
    262 : F65;
    263 : F65;
    264 : F65;
    265 : F65;
    266 : F65;
    267 : F65;
    268 : F65;
    269 : F65;
    270 : F65;
    271 : F65;
    272 : F65;
    273 : F65;
    274 : F65;
    275 : F65;
    276 : F65;
    277 : F65;
    278 : F65;
    279 : F65;
    280 : F65;
    281 : F65;
    282 : F65;
    283 : F65;
    284 : F65;
    285 : F65;
    286 : F65;
    287 : F65;
    288 : F65;
    289 : F65;
    290 : F65;
    291 : F65;
    292 : F65;
    293 : F65;
    294 : F65;
    295 : F65;
    296 : F65;
    297 : F65;
    298 : F65;
    299 : F65;
    300 : F65;
    301 : F65;
    302 : F65;
    303 : F65;
    304 : F65;
    305 : F65;
    306 : F65;
    307 : F65;
    308 : F65;
    309 : F65;
    310 : F65;
    311 : F65;
    312 : F65;
    313 : F65;
    314 : F65;
    315 : F65;
    316 : F65;
    317 : F65;
    318 : F65;
    319 : F65;
    320 : F65;
    321 : F65;
    322 : F65;
    323 : F65;
    324 : F65;
    325 : F65;
    326 : F65;
    327 : F65;
    328 : F65;
    329 : F65;
    330 : F65;
    331 : F65;
    332 : F65;
    333 : F65;
    334 : F65;
    335 : F65;
    336 : F65;
    337 : F65;
    338 : F65;
    339 : F65;
    340 : F65;
    341 : F65;
    342 : F65;
    343 : F65;
    344 : F65;
    345 : F65;
    346 : F65;
    347 : F65;
    348 : F65;
    349 : F65;
    350 : F65;
    351 : F65;
    352 : F65;
    353 : F65;
    354 : F65;
    355 : F65;
    356 : F65;
    357 : F65;
    358 : F65;
    359 : F65;
    360 : F65;
    361 : F65;
    362 : F65;
    363 : F65;
    364 : F65;
    365 : F65;
    366 : F65;
    367 : F65;
    368 : F65;
    369 : F65;
    370 : F65;
    371 : F65;
    372 : F65;
    373 : F65;
    374 : F65;
    375 : F65;
    376 : F65;
    377 : F65;
    378 : F65;
    379 : F65;
    380 : F65;
    381 : F65;
    382 : F65;
    383 : F65;
    384 : F65;
    385 : F65;
    386 : F65;
    387 : F65;
    388 : F65;
    389 : F65;
    390 : F65;
    391 : F65;
    392 : F65;
    393 : F65;
    394 : F65;
    395 : F65;
    396 : F65;
    397 : F65;
    398 : F65;
    399 : F65;
    400 : F65;
    401 : F65;
    402 : F65;
    403 : F65;
    404 : F65;
    405 : F65;
    406 : F65;
    407 : F65;
    408 : F65;
    409 : F65;
    410 : F65;
    411 : F65;
    412 : F65;
    413 : F65;
    414 : F65;
    415 : F65;
    416 : F65;
    417 : F65;
    418 : F65;
    419 : F65;
    420 : F65;
    421 : F65;
    422 : F65;
    423 : F65;
    424 : F65;
    425 : F65;
    426 : F65;
    427 : F65;
    428 : F65;
    429 : F65;
    430 : F65;
    431 : F65;
    432 : F65;
    433 : F65;
    434 : F65;
    435 : F65;
    436 : F65;
    437 : F65;
    438 : F65;
    439 : F65;
    440 : F65;
    441 : F65;
    442 : F65;
    443 : F65;
    444 : F65;
    445 : F65;
    446 : F65;
    447 : F65;
    448 : F65;
    449 : F65;
    450 : F65;
    451 : F65;
    452 : F65;
    453 : F65;
    454 : F65;
    455 : F65;
    456 : F65;
    457 : F65;
    458 : F65;
    459 : F65;
    460 : F65;
    461 : F65;
    462 : F65;
    463 : F65;
    464 : F65;
    465 : F65;
    466 : F65;
    467 : F65;
    468 : F65;
    469 : F65;
    470 : F65;
    471 : F65;
    472 : F65;
    473 : F65;
    474 : F65;
    475 : F65;
    476 : F65;
    477 : F65;
    478 : F65;
    479 : F65;
    480 : F65;
    481 : F65;
    482 : F65;
    483 : F65;
    484 : F65;
    485 : F65;
    486 : F65;
    487 : F65;
    488 : F65;
    489 : F65;
    490 : F65;
    491 : F65;
    492 : F65;
    493 : F65;
    494 : F65;
    495 : F65;
    496 : F65;
    497 : F65;
    498 : F65;
    499 : F65;
    500 : F65;
    501 : F65;
    502 : F65;
    503 : F65;
    504 : F65;
    505 : F65;
    506 : F65;
    507 : F65;
    508 : F65;
    509 : F65;
    510 : F65;
    511 : F65;
    512 : F65;
    513 : F65;
    514 : F65;
    515 : F65;
    516 : F65;
    517 : F65;
    518 : F65;
    519 : F65;
    520 : F65;
    521 : F65;
    522 : F65;
    523 : F65;
    524 : F65;
    525 : F65;
    526 : F65;
    527 : F65;
    528 : F65;
    529 : F65;
    530 : F65;
    531 : F65;
    532 : F65;
    533 : F65;
    534 : F65;
    535 : F65;
    536 : F65;
    537 : F65;
    538 : F65;
    539 : F65;
    540 : F65;
    541 : F65;
    542 : F65;
    543 : F65;
    544 : F65;
    545 : F65;
    546 : F65;
    547 : F65;
    548 : F65;
    549 : F65;
    550 : F65;
    551 : F65;
    552 : F65;
    553 : F65;
    554 : F65;
    555 : F65;
    556 : F65;
    557 : F65;
    558 : F65;
    559 : F65;
    560 : F65;
    561 : F65;
    562 : F65;
    563 : F65;
    564 : F65;
    565 : F65;
    566 : F65;
    567 : F65;
    568 : F65;
    569 : F65;
    570 : F65;
    571 : F65;
    572 : F65;
    573 : F65;
    574 : F65;
    575 : F65;
    576 : F65;
    577 : F65;
    578 : F65;
    579 : F65;
    580 : F65;
    581 : F65;
    582 : F65;
    583 : F65;
    584 : F65;
    585 : F65;
    586 : F65;
    587 : F65;
    588 : F65;
    589 : F65;
    590 : F65;
    591 : F65;
    592 : F65;
    593 : F65;
    594 : F65;
    595 : F65;
    596 : F65;
    597 : F65;
    598 : F65;
    599 : F65;
    600 : F65;
    601 : F65;
    602 : F65;
    603 : F65;
    604 : F65;
    605 : F65;
    606 : F65;
    607 : F65;
    608 : F65;
    609 : F65;
    610 : F65;
    611 : F65;
    612 : F65;
    613 : F65;
    614 : F65;
    615 : F65;
    616 : F65;
    617 : F65;
    618 : F65;
    619 : F65;
    620 : F65;
    621 : F65;
    622 : F65;
    623 : F65;
    624 : F65;
    625 : F65;
    626 : F65;
    627 : F65;
    628 : F65;
    629 : F65;
    630 : F65;
    631 : F65;
    632 : F65;
    633 : F65;
    634 : F65;
    635 : F65;
    636 : F65;
    637 : F65;
    638 : F65;
    639 : F65;
    640 : F65;
    641 : F65;
    642 : F65;
    643 : F65;
    644 : F65;
    645 : F65;
    646 : F65;
    647 : F65;
    648 : F65;
    649 : F65;
    650 : F65;
    651 : F65;
    652 : F65;
    653 : F65;
    654 : F65;
    655 : F65;
    656 : F65;
    657 : F65;
    658 : F65;
    659 : F65;
    660 : F65;
    661 : F65;
    662 : F65;
    663 : F65;
    664 : F65;
    665 : F65;
    666 : F65;
    667 : F65;
    668 : F65;
    669 : F65;
    670 : F65;
    671 : F65;
    672 : F65;
    673 : F65;
    674 : F65;
    675 : F65;
    676 : F65;
    677 : F65;
    678 : F65;
    679 : F65;
    680 : F65;
    681 : F65;
    682 : F65;
    683 : F65;
    684 : F65;
    685 : F65;
    686 : F65;
    687 : F65;
    688 : F65;
    689 : F65;
    690 : F65;
    691 : F65;
    692 : F65;
    693 : F65;
    694 : F65;
    695 : F65;
    696 : F65;
    697 : F65;
    698 : F65;
    699 : F65;
    700 : F65;
    701 : F65;
    702 : F65;
    703 : F65;
    704 : F65;
    705 : F65;
    706 : F65;
    707 : F65;
    708 : F65;
    709 : F65;
    710 : F65;
    711 : F65;
    712 : F65;
    713 : F65;
    714 : F65;
    715 : F65;
    716 : F65;
    717 : F65;
    718 : F65;
    719 : F65;
    720 : F65;
    721 : F65;
    722 : F65;
    723 : F65;
    724 : F65;
    725 : F65;
    726 : F65;
    727 : F65;
    728 : F65;
    729 : F65;
    730 : F65;
    731 : F65;
    732 : F65;
    733 : F65;
    734 : F65;
    735 : F65;
    736 : F65;
    737 : F65;
    738 : F65;
    739 : F65;
    740 : F65;
    741 : F65;
    742 : F65;
    743 : F65;
    744 : F65;
    745 : F65;
    746 : F65;
    747 : F65;
    748 : F65;
    749 : F65;
    750 : F65;
    751 : F65;
    752 : F65;
    753 : F65;
    754 : F65;
    755 : F65;
    756 : F65;
    757 : F65;
    758 : F65;
    759 : F65;
    760 : F65;
    761 : F65;
    762 : F65;
    763 : F65;
    764 : F65;
    765 : F65;
    766 : F65;
    767 : F65;
    768 : F65;
    769 : F65;
    770 : F65;
    771 : F65;
    772 : F65;
    773 : F65;
    774 : F65;
    775 : F65;
    776 : F65;
    777 : F65;
    778 : F65;
    779 : F65;
    780 : F65;
    781 : F65;
    782 : F65;
    783 : F65;
    784 : F65;
    785 : F65;
    786 : F65;
    787 : F65;
    788 : F65;
    789 : F65;
    790 : F65;
    791 : F65;
    792 : F65;
    793 : F65;
    794 : F65;
    795 : F65;
    796 : F65;
    797 : F65;
    798 : F65;
    799 : F65;
    800 : F65;
    801 : F65;
    802 : F65;
    803 : F65;
    804 : F65;
    805 : F65;
    806 : F65;
    807 : F65;
    808 : F65;
    809 : F65;
    810 : F65;
    811 : F65;
    812 : F65;
    813 : F65;
    814 : F65;
    815 : F65;
    816 : F65;
    817 : F65;
    818 : F65;
    819 : F65;
    820 : F65;
    821 : F65;
    822 : F65;
    823 : F65;
    824 : F65;
    825 : F65;
    826 : F65;
    827 : F65;
    828 : F65;
    829 : F65;
    830 : F65;
    831 : F65;
    832 : F65;
    833 : F65;
    834 : F65;
    835 : F65;
    836 : F65;
    837 : F65;
    838 : F65;
    839 : F65;
    840 : F65;
    841 : F65;
    842 : F65;
    843 : F65;
    844 : F65;
    845 : F65;
    846 : F65;
    847 : F65;
    848 : F65;
    849 : F65;
    850 : F65;
    851 : F65;
    852 : F65;
    853 : F65;
    854 : F65;
    855 : F65;
    856 : F65;
    857 : F65;
    858 : F65;
    859 : F65;
    860 : F65;
    861 : F65;
    862 : F65;
    863 : F65;
    864 : F65;
    865 : F65;
    866 : F65;
    867 : F65;
    868 : F65;
    869 : F65;
    870 : F65;
    871 : F65;
    872 : F65;
    873 : F65;
    874 : F65;
    875 : F65;
    876 : F65;
    877 : F65;
    878 : F65;
    879 : F65;
    880 : F65;
    881 : F65;
    882 : F65;
    883 : F65;
    884 : F65;
    885 : F65;
    886 : F65;
    887 : F65;
    888 : F65;
    889 : F65;
    890 : F65;
    891 : F65;
    892 : F65;
    893 : F65;
    894 : F65;
    895 : F65;
    896 : F65;
    897 : F65;
    898 : F65;
    899 : F65;
    900 : F65;
    901 : F65;
    902 : F65;
    903 : F65;
    904 : F65;
    905 : F65;
    906 : F65;
    907 : F65;
    908 : F65;
    909 : F65;
    910 : F65;
    911 : F65;
    912 : F65;
    913 : F65;
    914 : F65;
    915 : F65;
    916 : F65;
    917 : F65;
    918 : F65;
    919 : F65;
    920 : F65;
    921 : F65;
    922 : F65;
    923 : F65;
    924 : F65;
    925 : F65;
    926 : F65;
    927 : F65;
    928 : F65;
    929 : F65;
    930 : F65;
    931 : F65;
    932 : F65;
    933 : F65;
    934 : F65;
    935 : F65;
    936 : F65;
    937 : F65;
    938 : F65;
    939 : F65;
    940 : F65;
    941 : F65;
    942 : F65;
    943 : F65;
    944 : F65;
    945 : F65;
    946 : F65;
    947 : F65;
    948 : F65;
    949 : F65;
    950 : F65;
    951 : F65;
    952 : F65;
    953 : F65;
    954 : F65;
    955 : F65;
    956 : F65;
    957 : F65;
    958 : F65;
    959 : F65;
    960 : F65;
    961 : F65;
    962 : F65;
    963 : F65;
    964 : F65;
    965 : F65;
    966 : F65;
    967 : F65;
    968 : F65;
    969 : F65;
    970 : F65;
    971 : F65;
    972 : F65;
    973 : F65;
    974 : F65;
    975 : F65;
    976 : F65;
    977 : F65;
    978 : F65;
    979 : F65;
    980 : F65;
    981 : F65;
    982 : F65;
    983 : F65;
    984 : F65;
    985 : F65;
    986 : F65;
    987 : F65;
    988 : F65;
    989 : F65;
    990 : F65;
    991 : F65;
    992 : F65;
    993 : F65;
    994 : F65;
    995 : F65;
    996 : F65;
    997 : F65;
    998 : F65;
    999 : F65;
    1000 : F65;
    1001 : F65;
    1002 : F65;
    1003 : F65;
    1004 : F65;
    1005 : F65;
    1006 : F65;
    1007 : F65;
    1008 : F65;
    1009 : F65;
    1010 : F65;
    1011 : F65;
    1012 : F65;
    1013 : F65;
    1014 : F65;
    1015 : F65;
    1016 : F65;
    1017 : F65;
    1018 : F65;
    1019 : F65;
    1020 : F65;
    1021 : F65;
    1022 : F65;
    1023 : F65;
    1024 : F65;
    1025 : F65;
    1026 : F65;
    1027 : F65;
    1028 : F65;
    1029 : F65;
    1030 : F65;
    1031 : F65;
    1032 : F65;
    1033 : F65;
    1034 : F65;
    1035 : F65;
    1036 : F65;
    1037 : F65;
    1038 : F65;
    1039 : F65;
    1040 : F65;
    1041 : F65;
    1042 : F65;
    1043 : F65;
    1044 : F65;
    1045 : F65;
    1046 : F65;
    1047 : F65;
    1048 : F65;
    1049 : F65;
    1050 : F65;
    1051 : F65;
    1052 : F65;
    1053 : F65;
    1054 : F65;
    1055 : F65;
    1056 : F65;
    1057 : F65;
    1058 : F65;
    1059 : F65;
    1060 : F65;
    1061 : F65;
    1062 : F65;
    1063 : F65;
    1064 : F65;
    1065 : F65;
    1066 : F65;
    1067 : F65;
    1068 : F65;
    1069 : F65;
    1070 : F65;
    1071 : F65;
    1072 : F65;
    1073 : F65;
    1074 : F65;
    1075 : F65;
    1076 : F65;
    1077 : F65;
    1078 : F65;
    1079 : F65;
    1080 : F65;
    1081 : F65;
    1082 : F65;
    1083 : F65;
    1084 : F65;
    1085 : F65;
    1086 : F65;
    1087 : F65;
    1088 : F65;
    1089 : F65;
    1090 : F65;
    1091 : F65;
    1092 : F65;
    1093 : F65;
    1094 : F65;
    1095 : F65;
    1096 : F65;
    1097 : F65;
    1098 : F65;
    1099 : F65;
    1100 : F65;
    1101 : F65;
    1102 : F65;
    1103 : F65;
    1104 : F65;
    1105 : F65;
    1106 : F65;
    1107 : F65;
    1108 : F65;
    1109 : F65;
    1110 : F65;
    1111 : F65;
    1112 : F65;
    1113 : F65;
    1114 : F65;
    1115 : F65;
    1116 : F65;
    1117 : F65;
    1118 : F65;
    1119 : F65;
    1120 : F65;
    1121 : F65;
    1122 : F65;
    1123 : F65;
    1124 : F65;
    1125 : F65;
    1126 : F65;
    1127 : F65;
    1128 : F65;
    1129 : F65;
    1130 : F65;
    1131 : F65;
    1132 : F65;
    1133 : F65;
    1134 : F65;
    1135 : F65;
    1136 : F65;
    1137 : F65;
    1138 : F65;
    1139 : F65;
    1140 : F65;
    1141 : F65;
    1142 : F65;
    1143 : F65;
    1144 : F65;
    1145 : F65;
    1146 : F65;
    1147 : F65;
    1148 : F65;
    1149 : F65;
    1150 : F65;
    1151 : F65;
    1152 : F65;
    1153 : F65;
    1154 : F65;
    1155 : F65;
    1156 : F65;
    1157 : F65;
    1158 : F65;
    1159 : F65;
    1160 : F65;
    1161 : F65;
    1162 : F65;
    1163 : F65;
    1164 : F65;
    1165 : F65;
    1166 : F65;
    1167 : F65;
    1168 : F65;
    1169 : F65;
    1170 : F65;
    1171 : F65;
    1172 : F65;
    1173 : F65;
    1174 : F65;
    1175 : F65;
    1176 : F65;
    1177 : F65;
    1178 : F65;
    1179 : F65;
    1180 : F65;
    1181 : F65;
    1182 : F65;
    1183 : F65;
    1184 : F65;
    1185 : F65;
    1186 : F65;
    1187 : F65;
    1188 : F65;
    1189 : F65;
    1190 : F65;
    1191 : F65;
    1192 : F65;
    1193 : F65;
    1194 : F65;
    1195 : F65;
    1196 : F65;
    1197 : F65;
    1198 : F65;
    1199 : F65;
    1200 : F65;
    1201 : F65;
    1202 : F65;
    1203 : F65;
    1204 : F65;
    1205 : F65;
    1206 : F65;
    1207 : F65;
    1208 : F65;
    1209 : F65;
    1210 : F65;
    1211 : F65;
    1212 : F65;
    1213 : F65;
    1214 : F65;
    1215 : F65;
    1216 : F65;
    1217 : F65;
    1218 : F65;
    1219 : F65;
    1220 : F65;
    1221 : F65;
    1222 : F65;
    1223 : F65;
    1224 : F65;
    1225 : F65;
    1226 : F65;
    1227 : F65;
    1228 : F65;
    1229 : F65;
    1230 : F65;
    1231 : F65;
    1232 : F65;
    1233 : F65;
    1234 : F65;
    1235 : F65;
    1236 : F65;
    1237 : F65;
    1238 : F65;
    1239 : F65;
    1240 : F65;
    1241 : F65;
    1242 : F65;
    1243 : F65;
    1244 : F65;
    1245 : F65;
    1246 : F65;
    1247 : F65;
    1248 : F65;
    1249 : F65;
    1250 : F65;
    1251 : F65;
    1252 : F65;
    1253 : F65;
    1254 : F65;
    1255 : F65;
    1256 : F65;
    1257 : F65;
    1258 : F65;
    1259 : F65;
    1260 : F65;
    1261 : F65;
    1262 : F65;
    1263 : F65;
    1264 : F65;
    1265 : F65;
    1266 : F65;
    1267 : F65;
    1268 : F65;
    1269 : F65;
    1270 : F65;
    1271 : F65;
    1272 : F65;
    1273 : F65;
    1274 : F65;
    1275 : F65;
    1276 : F65;
    1277 : F65;
    1278 : F65;
    1279 : F65;
    1280 : F65;
    1281 : F65;
    1282 : F65;
    1283 : F65;
    1284 : F65;
    1285 : F65;
    1286 : F65;
    1287 : F65;
    1288 : F65;
    1289 : F65;
    1290 : F65;
    1291 : F65;
    1292 : F65;
    1293 : F65;
    1294 : F65;
    1295 : F65;
    1296 : F65;
    1297 : F65;
    1298 : F65;
    1299 : F65;
    1300 : F65;
    1301 : F65;
    1302 : F65;
    1303 : F65;
    1304 : F65;
    1305 : F65;
    1306 : F65;
    1307 : F65;
    1308 : F65;
    1309 : F65;
    1310 : F65;
    1311 : F65;
    1312 : F65;
    1313 : F65;
    1314 : F65;
    1315 : F65;
    1316 : F65;
    1317 : F65;
    1318 : F65;
    1319 : F65;
    1320 : F65;
    1321 : F65;
    1322 : F65;
    1323 : F65;
    1324 : F65;
    1325 : F65;
    1326 : F65;
    1327 : F65;
    1328 : F65;
    1329 : F65;
    1330 : F65;
    1331 : F65;
    1332 : F65;
    1333 : F65;
    1334 : F65;
    1335 : F65;
    1336 : F65;
    1337 : F65;
    1338 : F65;
    1339 : F65;
    1340 : F65;
    1341 : F65;
    1342 : F65;
    1343 : F65;
    1344 : F65;
    1345 : F65;
    1346 : F65;
    1347 : F65;
    1348 : F65;
    1349 : F65;
    1350 : F65;
    1351 : F65;
    1352 : F65;
    1353 : F65;
    1354 : F65;
    1355 : F65;
    1356 : F65;
    1357 : F65;
    1358 : F65;
    1359 : F65;
    1360 : F65;
    1361 : F65;
    1362 : F65;
    1363 : F65;
    1364 : F65;
    1365 : F65;
    1366 : F65;
    1367 : F65;
    1368 : F65;
    1369 : F65;
    1370 : F65;
    1371 : F65;
    1372 : F65;
    1373 : F65;
    1374 : F65;
    1375 : F65;
    1376 : F65;
    1377 : F65;
    1378 : F65;
    1379 : F65;
    1380 : F65;
    1381 : F65;
    1382 : F65;
    1383 : F65;
    1384 : F65;
    1385 : F65;
    1386 : F65;
    1387 : F65;
    1388 : F65;
    1389 : F65;
    1390 : F65;
    1391 : F65;
    1392 : F65;
    1393 : F65;
    1394 : F65;
    1395 : F65;
    1396 : F65;
    1397 : F65;
    1398 : F65;
    1399 : F65;
    1400 : F65;
    1401 : F65;
    1402 : F65;
    1403 : F65;
    1404 : F65;
    1405 : F65;
    1406 : F65;
    1407 : F65;
    1408 : F65;
    1409 : F65;
    1410 : F65;
    1411 : F65;
    1412 : F65;
    1413 : F65;
    1414 : F65;
    1415 : F65;
    1416 : F65;
    1417 : F65;
    1418 : F65;
    1419 : F65;
    1420 : F65;
    1421 : F65;
    1422 : F65;
    1423 : F65;
    1424 : F65;
    1425 : F65;
    1426 : F65;
    1427 : F65;
    1428 : F65;
    1429 : F65;
    1430 : F65;
    1431 : F65;
    1432 : F65;
    1433 : F65;
    1434 : F65;
    1435 : F65;
    1436 : F65;
    1437 : F65;
    1438 : F65;
    1439 : F65;
    1440 : F65;
    1441 : F65;
    1442 : F65;
    1443 : F65;
    1444 : F65;
    1445 : F65;
    1446 : F65;
    1447 : F65;
    1448 : F65;
    1449 : F65;
    1450 : F65;
    1451 : F65;
    1452 : F65;
    1453 : F65;
    1454 : F65;
    1455 : F65;
    1456 : F65;
    1457 : F65;
    1458 : F65;
    1459 : F65;
    1460 : F65;
    1461 : F65;
    1462 : F65;
    1463 : F65;
    1464 : F65;
    1465 : F65;
    1466 : F65;
    1467 : F65;
    1468 : F65;
    1469 : F65;
    1470 : F65;
    1471 : F65;
    1472 : F65;
    1473 : F65;
    1474 : F65;
    1475 : F65;
    1476 : F65;
    1477 : F65;
    1478 : F65;
    1479 : F65;
    1480 : F65;
    1481 : F65;
    1482 : F65;
    1483 : F65;
    1484 : F65;
    1485 : F65;
    1486 : F65;
    1487 : F65;
    1488 : F65;
    1489 : F65;
    1490 : F65;
    1491 : F65;
    1492 : F65;
    1493 : F65;
    1494 : F65;
    1495 : F65;
    1496 : F65;
    1497 : F65;
    1498 : F65;
    1499 : F65;
    1500 : F65;
    1501 : F65;
    1502 : F65;
    1503 : F65;
    1504 : F65;
    1505 : F65;
    1506 : F65;
    1507 : F65;
    1508 : F65;
    1509 : F65;
    1510 : F65;
    1511 : F65;
    1512 : F65;
    1513 : F65;
    1514 : F65;
    1515 : F65;
    1516 : F65;
    1517 : F65;
    1518 : F65;
    1519 : F65;
    1520 : F65;
    1521 : F65;
    1522 : F65;
    1523 : F65;
    1524 : F65;
    1525 : F65;
    1526 : F65;
    1527 : F65;
    1528 : F65;
    1529 : F65;
    1530 : F65;
    1531 : F65;
    1532 : F65;
    1533 : F65;
    1534 : F65;
    1535 : F65;
    1536 : F65;
    1537 : F65;
    1538 : F65;
    1539 : F65;
    1540 : F65;
    1541 : F65;
    1542 : F65;
    1543 : F65;
    1544 : F65;
    1545 : F65;
    1546 : F65;
    1547 : F65;
    1548 : F65;
    1549 : F65;
    1550 : F65;
    1551 : F65;
    1552 : F65;
    1553 : F65;
    1554 : F65;
    1555 : F65;
    1556 : F65;
    1557 : F65;
    1558 : F65;
    1559 : F65;
    1560 : F65;
    1561 : F65;
    1562 : F65;
    1563 : F65;
    1564 : F65;
    1565 : F65;
    1566 : F65;
    1567 : F65;
    1568 : F65;
    1569 : F65;
    1570 : F65;
    1571 : F65;
    1572 : F65;
    1573 : F65;
    1574 : F65;
    1575 : F65;
    1576 : F65;
    1577 : F65;
    1578 : F65;
    1579 : F65;
    1580 : F65;
    1581 : F65;
    1582 : F65;
    1583 : F65;
    1584 : F65;
    1585 : F65;
    1586 : F65;
    1587 : F65;
    1588 : F65;
    1589 : F65;
    1590 : F65;
    1591 : F65;
    1592 : F65;
    1593 : F65;
    1594 : F65;
    1595 : F65;
    1596 : F65;
    1597 : F65;
    1598 : F65;
    1599 : F65;
    1600 : F65;
    1601 : F65;
    1602 : F65;
    1603 : F65;
    1604 : F65;
    1605 : F65;
    1606 : F65;
    1607 : F65;
    1608 : F65;
    1609 : F65;
    1610 : F65;
    1611 : F65;
    1612 : F65;
    1613 : F65;
    1614 : F65;
    1615 : F65;
    1616 : F65;
    1617 : F65;
    1618 : F65;
    1619 : F65;
    1620 : F65;
    1621 : F65;
    1622 : F65;
    1623 : F65;
    1624 : F65;
    1625 : F65;
    1626 : F65;
    1627 : F65;
    1628 : F65;
    1629 : F65;
    1630 : F65;
    1631 : F65;
    1632 : F65;
    1633 : F65;
    1634 : F65;
    1635 : F65;
    1636 : F65;
    1637 : F65;
    1638 : F65;
    1639 : F65;
    1640 : F65;
    1641 : F65;
    1642 : F65;
    1643 : F65;
    1644 : F65;
    1645 : F65;
    1646 : F65;
    1647 : F65;
    1648 : F65;
    1649 : F65;
    1650 : F65;
    1651 : F65;
    1652 : F65;
    1653 : F65;
    1654 : F65;
    1655 : F65;
    1656 : F65;
    1657 : F65;
    1658 : F65;
    1659 : F65;
    1660 : F65;
    1661 : F65;
    1662 : F65;
    1663 : F65;
    1664 : F65;
    1665 : F65;
    1666 : F65;
    1667 : F65;
    1668 : F65;
    1669 : F65;
    1670 : F65;
    1671 : F65;
    1672 : F65;
    1673 : F65;
    1674 : F65;
    1675 : F65;
    1676 : F65;
    1677 : F65;
    1678 : F65;
    1679 : F65;
    1680 : F65;
    1681 : F65;
    1682 : F65;
    1683 : F65;
    1684 : F65;
    1685 : F65;
    1686 : F65;
    1687 : F65;
    1688 : F65;
    1689 : F65;
    1690 : F65;
    1691 : F65;
    1692 : F65;
    1693 : F65;
    1694 : F65;
    1695 : F65;
    1696 : F65;
    1697 : F65;
    1698 : F65;
    1699 : F65;
    1700 : F65;
    1701 : F65;
    1702 : F65;
    1703 : F65;
    1704 : F65;
    1705 : F65;
    1706 : F65;
    1707 : F65;
    1708 : F65;
    1709 : F65;
    1710 : F65;
    1711 : F65;
    1712 : F65;
    1713 : F65;
    1714 : F65;
    1715 : F65;
    1716 : F65;
    1717 : F65;
    1718 : F65;
    1719 : F65;
    1720 : F65;
    1721 : F65;
    1722 : F65;
    1723 : F65;
    1724 : F65;
    1725 : F65;
    1726 : F65;
    1727 : F65;
    1728 : F65;
    1729 : F65;
    1730 : F65;
    1731 : F65;
    1732 : F65;
    1733 : F65;
    1734 : F65;
    1735 : F65;
    1736 : F65;
    1737 : F65;
    1738 : F65;
    1739 : F65;
    1740 : F65;
    1741 : F65;
    1742 : F65;
    1743 : F65;
    1744 : F65;
    1745 : F65;
    1746 : F65;
    1747 : F65;
    1748 : F65;
    1749 : F65;
    1750 : F65;
    1751 : F65;
    1752 : F65;
    1753 : F65;
    1754 : F65;
    1755 : F65;
    1756 : F65;
    1757 : F65;
    1758 : F65;
    1759 : F65;
    1760 : F65;
    1761 : F65;
    1762 : F65;
    1763 : F65;
    1764 : F65;
    1765 : F65;
    1766 : F65;
    1767 : F65;
    1768 : F65;
    1769 : F65;
    1770 : F65;
    1771 : F65;
    1772 : F65;
    1773 : F65;
    1774 : F65;
    1775 : F65;
    1776 : F65;
    1777 : F65;
    1778 : F65;
    1779 : F65;
    1780 : F65;
    1781 : F65;
    1782 : F65;
    1783 : F65;
    1784 : F65;
    1785 : F65;
    1786 : F65;
    1787 : F65;
    1788 : F65;
    1789 : F65;
    1790 : F65;
    1791 : F65;
    1792 : F65;
    1793 : F65;
    1794 : F65;
    1795 : F65;
    1796 : F65;
    1797 : F65;
    1798 : F65;
    1799 : F65;
    1800 : F65;
    1801 : F65;
    1802 : F65;
    1803 : F65;
    1804 : F65;
    1805 : F65;
    1806 : F65;
    1807 : F65;
    1808 : F65;
    1809 : F65;
    1810 : F65;
    1811 : F65;
    1812 : F65;
    1813 : F65;
    1814 : F65;
    1815 : F65;
    1816 : F65;
    1817 : F65;
    1818 : F65;
    1819 : F65;
    1820 : F65;
    1821 : F65;
    1822 : F65;
    1823 : F65;
    1824 : F65;
    1825 : F65;
    1826 : F65;
    1827 : F65;
    1828 : F65;
    1829 : F65;
    1830 : F65;
    1831 : F65;
    1832 : F65;
    1833 : F65;
    1834 : F65;
    1835 : F65;
    1836 : F65;
    1837 : F65;
    1838 : F65;
    1839 : F65;
    1840 : F65;
    1841 : F65;
    1842 : F65;
    1843 : F65;
    1844 : F65;
    1845 : F65;
    1846 : F65;
    1847 : F65;
    1848 : F65;
    1849 : F65;
    1850 : F65;
    1851 : F65;
    1852 : F65;
    1853 : F65;
    1854 : F65;
    1855 : F65;
    1856 : F65;
    1857 : F65;
    1858 : F65;
    1859 : F65;
    1860 : F65;
    1861 : F65;
    1862 : F65;
    1863 : F65;
    1864 : F65;
    1865 : F65;
    1866 : F65;
    1867 : F65;
    1868 : F65;
    1869 : F65;
    1870 : F65;
    1871 : F65;
    1872 : F65;
    1873 : F65;
    1874 : F65;
    1875 : F65;
    1876 : F65;
    1877 : F65;
    1878 : F65;
    1879 : F65;
    1880 : F65;
    1881 : F65;
    1882 : F65;
    1883 : F65;
    1884 : F65;
    1885 : F65;
    1886 : F65;
    1887 : F65;
    1888 : F65;
    1889 : F65;
    1890 : F65;
    1891 : F65;
    1892 : F65;
    1893 : F65;
    1894 : F65;
    1895 : F65;
    1896 : F65;
    1897 : F65;
    1898 : F65;
    1899 : F65;
    1900 : F65;
    1901 : F65;
    1902 : F65;
    1903 : F65;
    1904 : F65;
    1905 : F65;
    1906 : F65;
    1907 : F65;
    1908 : F65;
    1909 : F65;
    1910 : F65;
    1911 : F65;
    1912 : F65;
    1913 : F65;
    1914 : F65;
    1915 : F65;
    1916 : F65;
    1917 : F65;
    1918 : F65;
    1919 : F65;
    1920 : F65;
    1921 : F65;
    1922 : F65;
    1923 : F65;
    1924 : F65;
    1925 : F65;
    1926 : F65;
    1927 : F65;
    1928 : F65;
    1929 : F65;
    1930 : F65;
    1931 : F65;
    1932 : F65;
    1933 : F65;
    1934 : F65;
    1935 : F65;
    1936 : F65;
    1937 : F65;
    1938 : F65;
    1939 : F65;
    1940 : F65;
    1941 : F65;
    1942 : F65;
    1943 : F65;
    1944 : F65;
    1945 : F65;
    1946 : F65;
    1947 : F65;
    1948 : F65;
    1949 : F65;
    1950 : F65;
    1951 : F65;
    1952 : F65;
    1953 : F65;
    1954 : F65;
    1955 : F65;
    1956 : F65;
    1957 : F65;
    1958 : F65;
    1959 : F65;
    1960 : F65;
    1961 : F65;
    1962 : F65;
    1963 : F65;
    1964 : F65;
    1965 : F65;
    1966 : F65;
    1967 : F65;
    1968 : F65;
    1969 : F65;
    1970 : F65;
    1971 : F65;
    1972 : F65;
    1973 : F65;
    1974 : F65;
    1975 : F65;
    1976 : F65;
    1977 : F65;
    1978 : F65;
    1979 : F65;
    1980 : F65;
    1981 : F65;
    1982 : F65;
    1983 : F65;
    1984 : F65;
    1985 : F65;
    1986 : F65;
    1987 : F65;
    1988 : F65;
    1989 : F65;
    1990 : F65;
    1991 : F65;
    1992 : F65;
    1993 : F65;
    1994 : F65;
    1995 : F65;
    1996 : F65;
    1997 : F65;
    1998 : F65;
    1999 : F65;
    2000 : F65;
    2001 : F65;
    2002 : F65;
    2003 : F65;
    2004 : F65;
    2005 : F65;
    2006 : F65;
    2007 : F65;
    2008 : F65;
    2009 : F65;
    2010 : F65;
    2011 : F65;
    2012 : F65;
    2013 : F65;
    2014 : F65;
    2015 : F65;
    2016 : F65;
    2017 : F65;
    2018 : F65;
    2019 : F65;
    2020 : F65;
    2021 : F65;
    2022 : F65;
    2023 : F65;
    2024 : F65;
    2025 : F65;
    2026 : F65;
    2027 : F65;
    2028 : F65;
    2029 : F65;
    2030 : F65;
    2031 : F65;
    2032 : F65;
    2033 : F65;
    2034 : F65;
    2035 : F65;
    2036 : F65;
    2037 : F65;
    2038 : F65;
    2039 : F65;
    2040 : F65;
    2041 : F65;
    2042 : F65;
    2043 : F65;
    2044 : F65;
    2045 : F65;
    2046 : F65;
    2047 : F65;
    2048 : F65;
    2049 : F65;
    2050 : F65;
    2051 : F65;
    2052 : F65;
    2053 : F65;
    2054 : F65;
    2055 : F65;
    2056 : F65;
    2057 : F65;
    2058 : F65;
    2059 : F65;
    2060 : F65;
    2061 : F65;
    2062 : F65;
    2063 : F65;
    2064 : F65;
    2065 : F65;
    2066 : F65;
    2067 : F65;
    2068 : F65;
    2069 : F65;
    2070 : F65;
    2071 : F65;
    2072 : F65;
    2073 : F65;
    2074 : F65;
    2075 : F65;
    2076 : F65;
    2077 : F65;
    2078 : F65;
    2079 : F65;
    2080 : F65;
    2081 : F65;
    2082 : F65;
    2083 : F65;
    2084 : F65;
    2085 : F65;
    2086 : F65;
    2087 : F65;
    2088 : F65;
    2089 : F65;
    2090 : F65;
    2091 : F65;
    2092 : F65;
    2093 : F65;
    2094 : F65;
    2095 : F65;
    2096 : F65;
    2097 : F65;
    2098 : F65;
    2099 : F65;
    2100 : F65;
    2101 : F65;
    2102 : F65;
    2103 : F65;
    2104 : F65;
    2105 : F65;
    2106 : F65;
    2107 : F65;
    2108 : F65;
    2109 : F65;
    2110 : F65;
    2111 : F65;
    2112 : F65;
    2113 : F65;
    2114 : F65;
    2115 : F65;
    2116 : F65;
    2117 : F65;
    2118 : F65;
    2119 : F65;
    2120 : F65;
    2121 : F65;
    2122 : F65;
    2123 : F65;
    2124 : F65;
    2125 : F65;
    2126 : F65;
    2127 : F65;
    2128 : F65;
    2129 : F65;
    2130 : F65;
    2131 : F65;
    2132 : F65;
    2133 : F65;
    2134 : F65;
    2135 : F65;
    2136 : F65;
    2137 : F65;
    2138 : F65;
    2139 : F65;
    2140 : F65;
    2141 : F65;
    2142 : F65;
    2143 : F65;
    2144 : F65;
    2145 : F65;
    2146 : F65;
    2147 : F65;
    2148 : F65;
    2149 : F65;
    2150 : F65;
    2151 : F65;
    2152 : F65;
    2153 : F65;
    2154 : F65;
    2155 : F65;
    2156 : F65;
    2157 : F65;
    2158 : F65;
    2159 : F65;
    2160 : F65;
    2161 : F65;
    2162 : F65;
    2163 : F65;
    2164 : F65;
    2165 : F65;
    2166 : F65;
    2167 : F65;
    2168 : F65;
    2169 : F65;
    2170 : F65;
    2171 : F65;
    2172 : F65;
    2173 : F65;
    2174 : F65;
    2175 : F65;
    2176 : F65;
    2177 : F65;
    2178 : F65;
    2179 : F65;
    2180 : F65;
    2181 : F65;
    2182 : F65;
    2183 : F65;
    2184 : F65;
    2185 : F65;
    2186 : F65;
    2187 : F65;
    2188 : F65;
    2189 : F65;
    2190 : F65;
    2191 : F65;
    2192 : F65;
    2193 : F65;
    2194 : F65;
    2195 : F65;
    2196 : F65;
    2197 : F65;
    2198 : F65;
    2199 : F65;
    2200 : F65;
    2201 : F65;
    2202 : F65;
    2203 : F65;
    2204 : F65;
    2205 : F65;
    2206 : F65;
    2207 : F65;
    2208 : F65;
    2209 : F65;
    2210 : F65;
    2211 : F65;
    2212 : F65;
    2213 : F65;
    2214 : F65;
    2215 : F65;
    2216 : F65;
    2217 : F65;
    2218 : F65;
    2219 : F65;
    2220 : F65;
    2221 : F65;
    2222 : F65;
    2223 : F65;
    2224 : F65;
    2225 : F65;
    2226 : F65;
    2227 : F65;
    2228 : F65;
    2229 : F65;
    2230 : F65;
    2231 : F65;
    2232 : F65;
    2233 : F65;
    2234 : F65;
    2235 : F65;
    2236 : F65;
    2237 : F65;
    2238 : F65;
    2239 : F65;
    2240 : F75;
    2241 : F65;
    2242 : F65;
    2243 : F65;
    2244 : F65;
    2245 : F65;
    2246 : F65;
    2247 : F65;
    2248 : F65;
    2249 : F65;
    2250 : F65;
    2251 : F65;
    2252 : F65;
    2253 : F65;
    2254 : F65;
    2255 : F65;
    2256 : F65;
    2257 : F65;
    2258 : F65;
    2259 : F65;
    2260 : F65;
    2261 : F65;
    2262 : F65;
    2263 : F65;
    2264 : F65;
    2265 : F65;
    2266 : F65;
    2267 : F65;
    2268 : F65;
    2269 : F65;
    2270 : F65;
    2271 : F65;
    2272 : F65;
    2273 : F65;
    2274 : F65;
    2275 : F65;
    2276 : F65;
    2277 : F65;
    2278 : F65;
    2279 : F65;
    2280 : F65;
    2281 : F65;
    2282 : F65;
    2283 : F65;
    2284 : F65;
    2285 : F65;
    2286 : F65;
    2287 : F65;
    2288 : F65;
    2289 : F65;
    2290 : F65;
    2291 : F65;
    2292 : F65;
    2293 : F65;
    2294 : F65;
    2295 : F65;
    2296 : F65;
    2297 : F65;
    2298 : F65;
    2299 : F65;
    2300 : F65;
    2301 : F65;
    2302 : F65;
    2303 : F65;
    2304 : F65;
    2305 : F65;
    2306 : F65;
    2307 : F65;
    2308 : F65;
    2309 : F65;
    2310 : F65;
    2311 : F65;
    2312 : F65;
    2313 : F65;
    2314 : F65;
    2315 : F65;
    2316 : F65;
    2317 : F65;
    2318 : F65;
    2319 : F65;
    2320 : F65;
    2321 : F65;
    2322 : F65;
    2323 : F65;
    2324 : F65;
    2325 : F65;
    2326 : F65;
    2327 : F65;
    2328 : F65;
    2329 : F65;
    2330 : F65;
    2331 : F65;
    2332 : F65;
    2333 : F65;
    2334 : F65;
    2335 : F65;
    2336 : F65;
    2337 : F65;
    2338 : F65;
    2339 : F65;
    2340 : F65;
    2341 : F65;
    2342 : F65;
    2343 : F65;
    2344 : F65;
    2345 : F65;
    2346 : F65;
    2347 : F65;
    2348 : F65;
    2349 : F65;
    2350 : F65;
    2351 : F65;
    2352 : F65;
    2353 : F65;
    2354 : F65;
    2355 : F65;
    2356 : F65;
    2357 : F65;
    2358 : F65;
    2359 : F65;
    2360 : F65;
    2361 : F65;
    2362 : F65;
    2363 : F65;
    2364 : F65;
    2365 : F65;
    2366 : F65;
    2367 : F65;
    2368 : F65;
    2369 : F65;
    2370 : F65;
    2371 : F65;
    2372 : F65;
    2373 : F65;
    2374 : F65;
    2375 : F65;
    2376 : F65;
    2377 : F65;
    2378 : F65;
    2379 : F65;
    2380 : F65;
    2381 : F65;
    2382 : F65;
    2383 : F65;
    2384 : F65;
    2385 : F65;
    2386 : F65;
    2387 : F65;
    2388 : F65;
    2389 : F65;
    2390 : F65;
    2391 : F65;
    2392 : F65;
    2393 : F65;
    2394 : F65;
    2395 : F65;
    2396 : F65;
    2397 : F65;
    2398 : F65;
    2399 : F65;
    2400 : F75;
    2401 : F75;
    2402 : F75;
    2403 : F75;
    2404 : F75;
    2405 : F75;
    2406 : F65;
    2407 : F65;
    2408 : F75;
    2409 : F65;
    2410 : F75;
    2411 : F75;
    2412 : F65;
    2413 : F65;
    2414 : F65;
    2415 : F65;
    2416 : F65;
    2417 : F65;
    2418 : F65;
    2419 : F65;
    2420 : F75;
    2421 : F65;
    2422 : F65;
    2423 : F65;
    2424 : F75;
    2425 : F75;
    2426 : F75;
    2427 : F65;
    2428 : F75;
    2429 : F65;
    2430 : F65;
    2431 : F75;
    2432 : F75;
    2433 : F65;
    2434 : F65;
    2435 : F75;
    2436 : F75;
    2437 : F65;
    2438 : F65;
    2439 : F75;
    2440 : F75;
    2441 : F65;
    2442 : F65;
    2443 : F75;
    2444 : F75;
    2445 : F65;
    2446 : F65;
    2447 : F65;
    2448 : F75;
    2449 : F75;
    2450 : F75;
    2451 : F75;
    2452 : F65;
    2453 : F65;
    2454 : F65;
    2455 : F75;
    2456 : F65;
    2457 : F65;
    2458 : F65;
    2459 : F65;
    2460 : F65;
    2461 : F65;
    2462 : F65;
    2463 : F65;
    2464 : F65;
    2465 : F65;
    2466 : F65;
    2467 : F65;
    2468 : F65;
    2469 : F65;
    2470 : F65;
    2471 : F65;
    2472 : F65;
    2473 : F65;
    2474 : F65;
    2475 : F65;
    2476 : F65;
    2477 : F65;
    2478 : F65;
    2479 : F65;
    2480 : F65;
    2481 : F65;
    2482 : F65;
    2483 : F65;
    2484 : F65;
    2485 : F65;
    2486 : F65;
    2487 : F65;
    2488 : F65;
    2489 : F75;
    2490 : F65;
    2491 : F65;
    2492 : F65;
    2493 : F65;
    2494 : F65;
    2495 : F65;
    2496 : F65;
    2497 : F65;
    2498 : F65;
    2499 : F65;
    2500 : F65;
    2501 : F65;
    2502 : F75;
    2503 : F65;
    2504 : F65;
    2505 : F65;
    2506 : F65;
    2507 : F65;
    2508 : F65;
    2509 : F65;
    2510 : F65;
    2511 : F65;
    2512 : F65;
    2513 : F65;
    2514 : F65;
    2515 : F65;
    2516 : F65;
    2517 : F65;
    2518 : F65;
    2519 : F65;
    2520 : F65;
    2521 : F65;
    2522 : F65;
    2523 : F65;
    2524 : F65;
    2525 : F65;
    2526 : F65;
    2527 : F65;
    2528 : F65;
    2529 : F65;
    2530 : F65;
    2531 : F65;
    2532 : F65;
    2533 : F65;
    2534 : F65;
    2535 : F65;
    2536 : F65;
    2537 : F75;
    2538 : F65;
    2539 : F65;
    2540 : F65;
    2541 : F65;
    2542 : F65;
    2543 : F65;
    2544 : F65;
    2545 : F65;
    2546 : F65;
    2547 : F65;
    2548 : F65;
    2549 : F65;
    2550 : F65;
    2551 : F65;
    2552 : F65;
    2553 : F65;
    2554 : F65;
    2555 : F65;
    2556 : F65;
    2557 : F65;
    2558 : F65;
    2559 : F65;
    2560 : F75;
    2561 : F75;
    2562 : F75;
    2563 : F75;
    2564 : F75;
    2565 : F75;
    2566 : F75;
    2567 : F75;
    2568 : F75;
    2569 : F75;
    2570 : F75;
    2571 : F75;
    2572 : F75;
    2573 : F75;
    2574 : F65;
    2575 : F75;
    2576 : F65;
    2577 : F75;
    2578 : F65;
    2579 : F75;
    2580 : F75;
    2581 : F75;
    2582 : F75;
    2583 : F65;
    2584 : F75;
    2585 : F75;
    2586 : F75;
    2587 : F75;
    2588 : F75;
    2589 : F75;
    2590 : F65;
    2591 : F75;
    2592 : F75;
    2593 : F75;
    2594 : F65;
    2595 : F65;
    2596 : F75;
    2597 : F75;
    2598 : F75;
    2599 : F75;
    2600 : F75;
    2601 : F75;
    2602 : F75;
    2603 : F65;
    2604 : F65;
    2605 : F75;
    2606 : F75;
    2607 : F65;
    2608 : F75;
    2609 : F75;
    2610 : F75;
    2611 : F75;
    2612 : F75;
    2613 : F75;
    2614 : F65;
    2615 : F65;
    2616 : F65;
    2617 : F65;
    2618 : F65;
    2619 : F65;
    2620 : F65;
    2621 : F65;
    2622 : F65;
    2623 : F65;
    2624 : F65;
    2625 : F65;
    2626 : F75;
    2627 : F65;
    2628 : F65;
    2629 : F65;
    2630 : F65;
    2631 : F65;
    2632 : F75;
    2633 : F75;
    2634 : F75;
    2635 : F65;
    2636 : F65;
    2637 : F65;
    2638 : F65;
    2639 : F65;
    2640 : F65;
    2641 : F65;
    2642 : F65;
    2643 : F65;
    2644 : F75;
    2645 : F65;
    2646 : F65;
    2647 : F65;
    2648 : F65;
    2649 : F65;
    2650 : F65;
    2651 : F65;
    2652 : F75;
    2653 : F65;
    2654 : F75;
    2655 : F75;
    2656 : F65;
    2657 : F65;
    2658 : F75;
    2659 : F65;
    2660 : F75;
    2661 : F75;
    2662 : F65;
    2663 : F65;
    2664 : F65;
    2665 : F65;
    2666 : F65;
    2667 : F75;
    2668 : F75;
    2669 : F65;
    2670 : F75;
    2671 : F65;
    2672 : F65;
    2673 : F65;
    2674 : F65;
    2675 : F65;
    2676 : F65;
    2677 : F75;
    2678 : F65;
    2679 : F65;
    2680 : F65;
    2681 : F65;
    2682 : F75;
    2683 : F65;
    2684 : F75;
    2685 : F65;
    2686 : F75;
    2687 : F65;
    2688 : F75;
    2689 : F75;
    2690 : F75;
    2691 : F75;
    2692 : F75;
    2693 : F65;
    2694 : F75;
    2695 : F75;
    2696 : F75;
    2697 : F75;
    2698 : F75;
    2699 : F65;
    2700 : F75;
    2701 : F75;
    2702 : F65;
    2703 : F65;
    2704 : F65;
    2705 : F65;
    2706 : F65;
    2707 : F65;
    2708 : F65;
    2709 : F65;
    2710 : F65;
    2711 : F65;
    2712 : F65;
    2713 : F75;
    2714 : F65;
    2715 : F65;
    2716 : F65;
    2717 : F65;
    2718 : F75;
    2719 : F65;
    2720 : F75;
    2721 : F75;
    2722 : F75;
    2723 : F75;
    2724 : F75;
    2725 : F75;
    2726 : F75;
    2727 : F75;
    2728 : F75;
    2729 : F75;
    2730 : F75;
    2731 : F75;
    2732 : F75;
    2733 : F75;
    2734 : FB5;
    2735 : FB5;
    2736 : FB5;
    2737 : F64;
    2738 : F75;
    2739 : F75;
    2740 : F75;
    2741 : F75;
    2742 : F75;
    2743 : F75;
    2744 : F75;
    2745 : F75;
    2746 : F75;
    2747 : F75;
    2748 : F65;
    2749 : F75;
    2750 : F75;
    2751 : F75;
    2752 : F75;
    2753 : F75;
    2754 : F75;
    2755 : F75;
    2756 : F75;
    2757 : F75;
    2758 : F75;
    2759 : F75;
    2760 : F75;
    2761 : F75;
    2762 : F75;
    2763 : F75;
    2764 : F75;
    2765 : F75;
    2766 : F75;
    2767 : F75;
    2768 : F75;
    2769 : F75;
    2770 : F75;
    2771 : F75;
    2772 : F75;
    2773 : F75;
    2774 : F75;
    2775 : F75;
    2776 : F75;
    2777 : F75;
    2778 : F75;
    2779 : F75;
    2780 : F75;
    2781 : F75;
    2782 : F75;
    2783 : F75;
    2784 : F75;
    2785 : F65;
    2786 : F75;
    2787 : F75;
    2788 : F75;
    2789 : F75;
    2790 : F65;
    2791 : F75;
    2792 : F75;
    2793 : F75;
    2794 : F65;
    2795 : F65;
    2796 : F65;
    2797 : F75;
    2798 : F75;
    2799 : F65;
    2800 : F65;
    2801 : F65;
    2802 : F75;
    2803 : F75;
    2804 : F65;
    2805 : F75;
    2806 : F75;
    2807 : F65;
    2808 : F65;
    2809 : F75;
    2810 : F75;
    2811 : F75;
    2812 : F75;
    2813 : F75;
    2814 : F75;
    2815 : F65;
    2816 : F75;
    2817 : F75;
    2818 : F75;
    2819 : F75;
    2820 : F75;
    2821 : F75;
    2822 : F75;
    2823 : F65;
    2824 : F75;
    2825 : F75;
    2826 : F75;
    2827 : F75;
    2828 : F65;
    2829 : F65;
    2830 : F75;
    2831 : F65;
    2832 : F75;
    2833 : F75;
    2834 : F75;
    2835 : F75;
    2836 : F75;
    2837 : F75;
    2838 : F75;
    2839 : F75;
    2840 : F75;
    2841 : F75;
    2842 : F65;
    2843 : F75;
    2844 : F75;
    2845 : F75;
    2846 : F75;
    2847 : F75;
    2848 : F75;
    2849 : F75;
    2850 : F75;
    2851 : F75;
    2852 : F75;
    2853 : F75;
    2854 : F75;
    2855 : F75;
    2856 : F75;
    2857 : F75;
    2858 : F75;
    2859 : F75;
    2860 : F75;
    2861 : F75;
    2862 : F75;
    2863 : F75;
    2864 : F75;
    2865 : F75;
    2866 : F75;
    2867 : F75;
    2868 : F65;
    2869 : F75;
    2870 : F75;
    2871 : F65;
    2872 : F75;
    2873 : F75;
    2874 : F75;
    2875 : F65;
    2876 : F75;
    2877 : F75;
    2878 : F75;
    2879 : F75;
    2880 : F75;
    2881 : F75;
    2882 : F75;
    2883 : F75;
    2884 : F75;
    2885 : F75;
    2886 : F75;
    2887 : F75;
    2888 : F75;
    2889 : F75;
    2890 : F75;
    2891 : F75;
    2892 : F75;
    2893 : FB5;
    2894 : FB5;
    2895 : FB5;
    2896 : FB5;
    2897 : FB5;
    2898 : F74;
    2899 : F75;
    2900 : F75;
    2901 : F75;
    2902 : F75;
    2903 : F75;
    2904 : F75;
    2905 : F75;
    2906 : F75;
    2907 : F75;
    2908 : F75;
    2909 : F75;
    2910 : F75;
    2911 : F75;
    2912 : F75;
    2913 : F75;
    2914 : F75;
    2915 : F75;
    2916 : F75;
    2917 : F75;
    2918 : F75;
    2919 : F75;
    2920 : F75;
    2921 : F75;
    2922 : F75;
    2923 : F75;
    2924 : F75;
    2925 : F75;
    2926 : F75;
    2927 : F75;
    2928 : F75;
    2929 : F75;
    2930 : F75;
    2931 : F75;
    2932 : F75;
    2933 : F75;
    2934 : F75;
    2935 : F75;
    2936 : F75;
    2937 : F75;
    2938 : F75;
    2939 : F75;
    2940 : F75;
    2941 : F75;
    2942 : F75;
    2943 : F75;
    2944 : F75;
    2945 : F75;
    2946 : F75;
    2947 : F75;
    2948 : F75;
    2949 : F75;
    2950 : F75;
    2951 : F75;
    2952 : F75;
    2953 : F75;
    2954 : F75;
    2955 : F75;
    2956 : F75;
    2957 : F75;
    2958 : F75;
    2959 : F75;
    2960 : F75;
    2961 : F75;
    2962 : F75;
    2963 : F75;
    2964 : F75;
    2965 : F75;
    2966 : F75;
    2967 : F75;
    2968 : F75;
    2969 : F75;
    2970 : F75;
    2971 : F75;
    2972 : F75;
    2973 : F75;
    2974 : F75;
    2975 : F75;
    2976 : F75;
    2977 : F75;
    2978 : F75;
    2979 : F75;
    2980 : F75;
    2981 : F75;
    2982 : F75;
    2983 : F75;
    2984 : F75;
    2985 : F75;
    2986 : F75;
    2987 : F75;
    2988 : F75;
    2989 : F75;
    2990 : F75;
    2991 : F65;
    2992 : F75;
    2993 : F75;
    2994 : F75;
    2995 : F75;
    2996 : F75;
    2997 : F75;
    2998 : F75;
    2999 : F75;
    3000 : F75;
    3001 : F75;
    3002 : F75;
    3003 : F75;
    3004 : F75;
    3005 : F75;
    3006 : F75;
    3007 : F75;
    3008 : F75;
    3009 : F75;
    3010 : F75;
    3011 : F75;
    3012 : F75;
    3013 : F75;
    3014 : F75;
    3015 : F75;
    3016 : F75;
    3017 : F75;
    3018 : F75;
    3019 : F75;
    3020 : F75;
    3021 : F75;
    3022 : F75;
    3023 : F75;
    3024 : F75;
    3025 : F75;
    3026 : F75;
    3027 : F75;
    3028 : F75;
    3029 : F75;
    3030 : F75;
    3031 : F75;
    3032 : F75;
    3033 : F75;
    3034 : F75;
    3035 : F75;
    3036 : F75;
    3037 : F75;
    3038 : F75;
    3039 : F75;
    3040 : F75;
    3041 : F75;
    3042 : F75;
    3043 : F75;
    3044 : F75;
    3045 : F75;
    3046 : F75;
    3047 : F75;
    3048 : F75;
    3049 : F74;
    3050 : F75;
    3051 : F74;
    3052 : F74;
    3053 : FB5;
    3054 : F95;
    3055 : F94;
    3056 : FA4;
    3057 : FA5;
    3058 : F74;
    3059 : FB5;
    3060 : FB5;
    3061 : F75;
    3062 : F75;
    3063 : F75;
    3064 : F75;
    3065 : F75;
    3066 : F75;
    3067 : F75;
    3068 : F75;
    3069 : F75;
    3070 : F75;
    3071 : F75;
    3072 : F75;
    3073 : F75;
    3074 : F75;
    3075 : F75;
    3076 : F75;
    3077 : F75;
    3078 : F75;
    3079 : F75;
    3080 : F75;
    3081 : F75;
    3082 : F75;
    3083 : F75;
    3084 : F75;
    3085 : F75;
    3086 : F75;
    3087 : F75;
    3088 : F75;
    3089 : F75;
    3090 : F75;
    3091 : F75;
    3092 : F75;
    3093 : F75;
    3094 : F75;
    3095 : F75;
    3096 : F75;
    3097 : F75;
    3098 : F75;
    3099 : F75;
    3100 : F75;
    3101 : F75;
    3102 : F75;
    3103 : F75;
    3104 : F75;
    3105 : F75;
    3106 : F75;
    3107 : F75;
    3108 : F75;
    3109 : F75;
    3110 : F75;
    3111 : F75;
    3112 : F75;
    3113 : F75;
    3114 : F75;
    3115 : F75;
    3116 : F75;
    3117 : F75;
    3118 : F75;
    3119 : F75;
    3120 : F75;
    3121 : F75;
    3122 : F75;
    3123 : F75;
    3124 : F75;
    3125 : F75;
    3126 : F75;
    3127 : F75;
    3128 : F75;
    3129 : F75;
    3130 : F75;
    3131 : F75;
    3132 : F75;
    3133 : F75;
    3134 : F75;
    3135 : F75;
    3136 : F75;
    3137 : F75;
    3138 : F75;
    3139 : F75;
    3140 : F75;
    3141 : F75;
    3142 : F75;
    3143 : F75;
    3144 : F75;
    3145 : F75;
    3146 : F75;
    3147 : F75;
    3148 : F75;
    3149 : F75;
    3150 : F75;
    3151 : F75;
    3152 : F75;
    3153 : F75;
    3154 : F75;
    3155 : F75;
    3156 : F75;
    3157 : F75;
    3158 : F75;
    3159 : F75;
    3160 : F75;
    3161 : F75;
    3162 : F75;
    3163 : F75;
    3164 : F75;
    3165 : F75;
    3166 : F75;
    3167 : F75;
    3168 : F75;
    3169 : F75;
    3170 : F75;
    3171 : F75;
    3172 : F75;
    3173 : F75;
    3174 : F75;
    3175 : F75;
    3176 : F75;
    3177 : F75;
    3178 : F75;
    3179 : F75;
    3180 : F75;
    3181 : F75;
    3182 : F75;
    3183 : F75;
    3184 : F75;
    3185 : F75;
    3186 : F75;
    3187 : F75;
    3188 : F75;
    3189 : F75;
    3190 : F75;
    3191 : F75;
    3192 : F75;
    3193 : F75;
    3194 : F75;
    3195 : F75;
    3196 : F75;
    3197 : F75;
    3198 : F75;
    3199 : F75;
    3200 : F75;
    3201 : F75;
    3202 : F75;
    3203 : F75;
    3204 : F75;
    3205 : F75;
    3206 : F75;
    3207 : F75;
    3208 : FB5;
    3209 : FB5;
    3210 : FB5;
    3211 : FB5;
    3212 : FA4;
    3213 : FA4;
    3214 : F94;
    3215 : F94;
    3216 : F94;
    3217 : FA5;
    3218 : FB5;
    3219 : F94;
    3220 : FB5;
    3221 : FA5;
    3222 : F75;
    3223 : F95;
    3224 : F75;
    3225 : F75;
    3226 : F75;
    3227 : F75;
    3228 : F75;
    3229 : F75;
    3230 : F75;
    3231 : F75;
    3232 : F75;
    3233 : F75;
    3234 : F75;
    3235 : F75;
    3236 : F75;
    3237 : F75;
    3238 : F75;
    3239 : F75;
    3240 : F75;
    3241 : F75;
    3242 : F75;
    3243 : F75;
    3244 : F75;
    3245 : F75;
    3246 : F75;
    3247 : F75;
    3248 : F75;
    3249 : F75;
    3250 : F75;
    3251 : F75;
    3252 : F75;
    3253 : F75;
    3254 : F75;
    3255 : F75;
    3256 : F75;
    3257 : F75;
    3258 : F75;
    3259 : F75;
    3260 : F75;
    3261 : F75;
    3262 : F75;
    3263 : F75;
    3264 : F75;
    3265 : F75;
    3266 : F75;
    3267 : F75;
    3268 : F75;
    3269 : F75;
    3270 : F75;
    3271 : F75;
    3272 : F75;
    3273 : F75;
    3274 : F75;
    3275 : F75;
    3276 : F75;
    3277 : F75;
    3278 : F75;
    3279 : F75;
    3280 : F75;
    3281 : F75;
    3282 : F75;
    3283 : F75;
    3284 : F75;
    3285 : F75;
    3286 : F75;
    3287 : F75;
    3288 : F75;
    3289 : F75;
    3290 : F75;
    3291 : F75;
    3292 : F75;
    3293 : F75;
    3294 : F75;
    3295 : F75;
    3296 : F75;
    3297 : F75;
    3298 : F75;
    3299 : F75;
    3300 : F75;
    3301 : F75;
    3302 : F75;
    3303 : F75;
    3304 : F75;
    3305 : F75;
    3306 : F75;
    3307 : F75;
    3308 : F75;
    3309 : F75;
    3310 : F75;
    3311 : F75;
    3312 : F75;
    3313 : F75;
    3314 : F75;
    3315 : F75;
    3316 : F75;
    3317 : F75;
    3318 : F75;
    3319 : F75;
    3320 : F75;
    3321 : F75;
    3322 : F75;
    3323 : F75;
    3324 : F75;
    3325 : F75;
    3326 : F75;
    3327 : F75;
    3328 : F75;
    3329 : F75;
    3330 : F75;
    3331 : F75;
    3332 : F75;
    3333 : F75;
    3334 : F75;
    3335 : F75;
    3336 : F75;
    3337 : F75;
    3338 : F75;
    3339 : F75;
    3340 : F75;
    3341 : F75;
    3342 : F75;
    3343 : F75;
    3344 : F75;
    3345 : F75;
    3346 : F75;
    3347 : F75;
    3348 : F75;
    3349 : F75;
    3350 : F75;
    3351 : F75;
    3352 : F75;
    3353 : F75;
    3354 : F75;
    3355 : F75;
    3356 : F75;
    3357 : F75;
    3358 : F75;
    3359 : F75;
    3360 : F75;
    3361 : F74;
    3362 : F74;
    3363 : F75;
    3364 : F75;
    3365 : F95;
    3366 : F95;
    3367 : FA5;
    3368 : F94;
    3369 : FA4;
    3370 : FA4;
    3371 : F94;
    3372 : FA4;
    3373 : F94;
    3374 : F94;
    3375 : F94;
    3376 : F94;
    3377 : F84;
    3378 : F94;
    3379 : F84;
    3380 : F94;
    3381 : F74;
    3382 : F84;
    3383 : F74;
    3384 : F74;
    3385 : F75;
    3386 : F75;
    3387 : F75;
    3388 : F75;
    3389 : F75;
    3390 : F75;
    3391 : F75;
    3392 : F75;
    3393 : F75;
    3394 : F75;
    3395 : F75;
    3396 : F75;
    3397 : F75;
    3398 : F75;
    3399 : F75;
    3400 : F75;
    3401 : F75;
    3402 : F75;
    3403 : F75;
    3404 : F75;
    3405 : F75;
    3406 : F75;
    3407 : F75;
    3408 : F75;
    3409 : F75;
    3410 : F75;
    3411 : F75;
    3412 : F75;
    3413 : F75;
    3414 : F75;
    3415 : F75;
    3416 : F75;
    3417 : F75;
    3418 : F75;
    3419 : F75;
    3420 : F75;
    3421 : F75;
    3422 : F75;
    3423 : F75;
    3424 : F75;
    3425 : F75;
    3426 : F75;
    3427 : F75;
    3428 : F75;
    3429 : F75;
    3430 : F75;
    3431 : F75;
    3432 : F75;
    3433 : F75;
    3434 : F75;
    3435 : F75;
    3436 : F75;
    3437 : F75;
    3438 : F75;
    3439 : F75;
    3440 : F75;
    3441 : F75;
    3442 : F75;
    3443 : F75;
    3444 : F75;
    3445 : F75;
    3446 : F75;
    3447 : F75;
    3448 : F75;
    3449 : F75;
    3450 : F75;
    3451 : F75;
    3452 : F75;
    3453 : F75;
    3454 : F75;
    3455 : F75;
    3456 : F75;
    3457 : F75;
    3458 : F75;
    3459 : F75;
    3460 : F75;
    3461 : F75;
    3462 : F75;
    3463 : F75;
    3464 : F75;
    3465 : F75;
    3466 : F75;
    3467 : F75;
    3468 : F75;
    3469 : F75;
    3470 : F75;
    3471 : F75;
    3472 : F75;
    3473 : F75;
    3474 : F75;
    3475 : F75;
    3476 : F75;
    3477 : F75;
    3478 : F75;
    3479 : F75;
    3480 : F75;
    3481 : F75;
    3482 : F75;
    3483 : F75;
    3484 : F75;
    3485 : F75;
    3486 : F75;
    3487 : F75;
    3488 : F75;
    3489 : F75;
    3490 : F75;
    3491 : F75;
    3492 : F75;
    3493 : F75;
    3494 : F75;
    3495 : F74;
    3496 : F75;
    3497 : F75;
    3498 : F75;
    3499 : F75;
    3500 : F75;
    3501 : F75;
    3502 : F75;
    3503 : F75;
    3504 : F75;
    3505 : F74;
    3506 : F75;
    3507 : F74;
    3508 : F75;
    3509 : F75;
    3510 : F75;
    3511 : F75;
    3512 : F75;
    3513 : F75;
    3514 : F75;
    3515 : F75;
    3516 : F75;
    3517 : F75;
    3518 : F75;
    3519 : F74;
    3520 : F74;
    3521 : F74;
    3522 : F74;
    3523 : F74;
    3524 : F75;
    3525 : F74;
    3526 : F74;
    3527 : F74;
    3528 : F74;
    3529 : F74;
    3530 : F74;
    3531 : F74;
    3532 : F74;
    3533 : F74;
    3534 : F75;
    3535 : F74;
    3536 : F74;
    3537 : F74;
    3538 : F74;
    3539 : F74;
    3540 : F75;
    3541 : F74;
    3542 : F75;
    3543 : F75;
    3544 : F75;
    3545 : F75;
    3546 : F75;
    3547 : F75;
    3548 : F75;
    3549 : F75;
    3550 : F75;
    3551 : F75;
    3552 : F75;
    3553 : F75;
    3554 : F75;
    3555 : F75;
    3556 : F75;
    3557 : F75;
    3558 : F75;
    3559 : F75;
    3560 : F75;
    3561 : F75;
    3562 : F75;
    3563 : F75;
    3564 : F75;
    3565 : F74;
    3566 : F75;
    3567 : F75;
    3568 : F75;
    3569 : F75;
    3570 : F75;
    3571 : F75;
    3572 : F75;
    3573 : F75;
    3574 : F75;
    3575 : F75;
    3576 : F75;
    3577 : F75;
    3578 : F75;
    3579 : F75;
    3580 : F75;
    3581 : F75;
    3582 : F75;
    3583 : F75;
    3584 : F75;
    3585 : F75;
    3586 : F75;
    3587 : F75;
    3588 : F75;
    3589 : F75;
    3590 : F75;
    3591 : F75;
    3592 : F75;
    3593 : F75;
    3594 : F75;
    3595 : F75;
    3596 : F75;
    3597 : F75;
    3598 : F75;
    3599 : F75;
    3600 : F75;
    3601 : F75;
    3602 : F75;
    3603 : F75;
    3604 : F75;
    3605 : F75;
    3606 : F75;
    3607 : F75;
    3608 : F75;
    3609 : F75;
    3610 : F75;
    3611 : F75;
    3612 : F75;
    3613 : F75;
    3614 : F75;
    3615 : F75;
    3616 : F75;
    3617 : F75;
    3618 : F75;
    3619 : F75;
    3620 : F75;
    3621 : F75;
    3622 : F75;
    3623 : F75;
    3624 : F75;
    3625 : F75;
    3626 : F75;
    3627 : F75;
    3628 : F75;
    3629 : F75;
    3630 : F75;
    3631 : F75;
    3632 : F75;
    3633 : F75;
    3634 : F75;
    3635 : F75;
    3636 : F75;
    3637 : F75;
    3638 : F75;
    3639 : F75;
    3640 : F75;
    3641 : F75;
    3642 : F75;
    3643 : F75;
    3644 : F75;
    3645 : F75;
    3646 : F75;
    3647 : F75;
    3648 : F75;
    3649 : F75;
    3650 : F75;
    3651 : F74;
    3652 : F75;
    3653 : F75;
    3654 : F75;
    3655 : F75;
    3656 : F75;
    3657 : F75;
    3658 : F75;
    3659 : F75;
    3660 : F75;
    3661 : F75;
    3662 : F75;
    3663 : F74;
    3664 : F75;
    3665 : F75;
    3666 : F74;
    3667 : F75;
    3668 : F75;
    3669 : F75;
    3670 : F75;
    3671 : F75;
    3672 : F75;
    3673 : F75;
    3674 : F75;
    3675 : F75;
    3676 : F75;
    3677 : F74;
    3678 : F74;
    3679 : F75;
    3680 : F74;
    3681 : F74;
    3682 : F74;
    3683 : F74;
    3684 : F75;
    3685 : F74;
    3686 : F74;
    3687 : F74;
    3688 : F74;
    3689 : F74;
    3690 : F74;
    3691 : F74;
    3692 : F74;
    3693 : F74;
    3694 : F74;
    3695 : F74;
    3696 : F74;
    3697 : F74;
    3698 : F74;
    3699 : F74;
    3700 : F75;
    3701 : F75;
    3702 : F75;
    3703 : F74;
    3704 : F75;
    3705 : F75;
    3706 : F75;
    3707 : F75;
    3708 : F75;
    3709 : F75;
    3710 : F75;
    3711 : F75;
    3712 : F75;
    3713 : F75;
    3714 : F75;
    3715 : F75;
    3716 : F75;
    3717 : F75;
    3718 : F75;
    3719 : F75;
    3720 : F75;
    3721 : F75;
    3722 : F75;
    3723 : F75;
    3724 : F75;
    3725 : F75;
    3726 : F75;
    3727 : F75;
    3728 : F75;
    3729 : F75;
    3730 : F75;
    3731 : F75;
    3732 : F75;
    3733 : F75;
    3734 : F75;
    3735 : F75;
    3736 : F75;
    3737 : F75;
    3738 : F75;
    3739 : F75;
    3740 : F75;
    3741 : F75;
    3742 : F75;
    3743 : F75;
    3744 : F75;
    3745 : F75;
    3746 : F75;
    3747 : F75;
    3748 : F75;
    3749 : F75;
    3750 : F75;
    3751 : F75;
    3752 : F75;
    3753 : F74;
    3754 : F75;
    3755 : F75;
    3756 : F75;
    3757 : F75;
    3758 : F75;
    3759 : F74;
    3760 : F75;
    3761 : F75;
    3762 : F75;
    3763 : F75;
    3764 : F75;
    3765 : F75;
    3766 : F75;
    3767 : F75;
    3768 : F75;
    3769 : F75;
    3770 : F75;
    3771 : F75;
    3772 : F75;
    3773 : F75;
    3774 : F75;
    3775 : F75;
    3776 : F75;
    3777 : F75;
    3778 : F75;
    3779 : F75;
    3780 : F75;
    3781 : F75;
    3782 : F75;
    3783 : F75;
    3784 : F75;
    3785 : F75;
    3786 : F75;
    3787 : F75;
    3788 : F75;
    3789 : F75;
    3790 : F75;
    3791 : F74;
    3792 : F74;
    3793 : F75;
    3794 : F75;
    3795 : F75;
    3796 : F75;
    3797 : F75;
    3798 : F75;
    3799 : F75;
    3800 : F75;
    3801 : F75;
    3802 : F74;
    3803 : F75;
    3804 : F74;
    3805 : F75;
    3806 : F75;
    3807 : F75;
    3808 : F75;
    3809 : F74;
    3810 : F75;
    3811 : F74;
    3812 : F74;
    3813 : F74;
    3814 : F75;
    3815 : F74;
    3816 : F75;
    3817 : F75;
    3818 : F75;
    3819 : F75;
    3820 : F75;
    3821 : F75;
    3822 : F75;
    3823 : F74;
    3824 : F74;
    3825 : F74;
    3826 : F74;
    3827 : F74;
    3828 : F74;
    3829 : F74;
    3830 : F75;
    3831 : F75;
    3832 : F75;
    3833 : F75;
    3834 : F75;
    3835 : F75;
    3836 : F75;
    3837 : F75;
    3838 : F75;
    3839 : F74;
    3840 : F74;
    3841 : F74;
    3842 : F74;
    3843 : F74;
    3844 : F74;
    3845 : F74;
    3846 : F74;
    3847 : F74;
    3848 : F74;
    3849 : F74;
    3850 : F74;
    3851 : F74;
    3852 : F74;
    3853 : F74;
    3854 : F74;
    3855 : F74;
    3856 : F75;
    3857 : F74;
    3858 : F75;
    3859 : F74;
    3860 : F75;
    3861 : F74;
    3862 : F75;
    3863 : F74;
    3864 : F74;
    3865 : F75;
    3866 : F74;
    3867 : F75;
    3868 : F75;
    3869 : F75;
    3870 : F75;
    3871 : F75;
    3872 : F75;
    3873 : F75;
    3874 : F75;
    3875 : F75;
    3876 : F75;
    3877 : F75;
    3878 : F75;
    3879 : F75;
    3880 : F75;
    3881 : F75;
    3882 : F75;
    3883 : F74;
    3884 : F75;
    3885 : F75;
    3886 : F75;
    3887 : F75;
    3888 : F75;
    3889 : F75;
    3890 : F75;
    3891 : F75;
    3892 : F74;
    3893 : F75;
    3894 : F75;
    3895 : F75;
    3896 : F75;
    3897 : F75;
    3898 : F75;
    3899 : F75;
    3900 : F75;
    3901 : F75;
    3902 : F75;
    3903 : F75;
    3904 : F75;
    3905 : F75;
    3906 : F75;
    3907 : F75;
    3908 : F75;
    3909 : F75;
    3910 : F75;
    3911 : F74;
    3912 : F75;
    3913 : F75;
    3914 : F75;
    3915 : F75;
    3916 : F75;
    3917 : F75;
    3918 : F75;
    3919 : F75;
    3920 : F75;
    3921 : F75;
    3922 : F75;
    3923 : F75;
    3924 : F75;
    3925 : F75;
    3926 : F75;
    3927 : F75;
    3928 : F75;
    3929 : F74;
    3930 : F75;
    3931 : F75;
    3932 : F75;
    3933 : F75;
    3934 : F75;
    3935 : F75;
    3936 : F75;
    3937 : F75;
    3938 : F75;
    3939 : F75;
    3940 : F75;
    3941 : F75;
    3942 : F75;
    3943 : F75;
    3944 : F75;
    3945 : F75;
    3946 : F75;
    3947 : F75;
    3948 : F75;
    3949 : F75;
    3950 : F75;
    3951 : F75;
    3952 : F74;
    3953 : F75;
    3954 : F75;
    3955 : F75;
    3956 : F75;
    3957 : F75;
    3958 : F75;
    3959 : F75;
    3960 : F75;
    3961 : F75;
    3962 : F75;
    3963 : F75;
    3964 : F75;
    3965 : F75;
    3966 : F74;
    3967 : F74;
    3968 : F75;
    3969 : F74;
    3970 : F74;
    3971 : F74;
    3972 : F74;
    3973 : F74;
    3974 : F74;
    3975 : F74;
    3976 : F74;
    3977 : F75;
    3978 : F75;
    3979 : F74;
    3980 : F75;
    3981 : F75;
    3982 : F75;
    3983 : F75;
    3984 : F74;
    3985 : F74;
    3986 : F74;
    3987 : F75;
    3988 : F75;
    3989 : F75;
    3990 : F75;
    3991 : F75;
    3992 : F75;
    3993 : F75;
    3994 : F75;
    3995 : F75;
    3996 : F75;
    3997 : F74;
    3998 : F74;
    3999 : F74;
    4000 : F74;
    4001 : F74;
    4002 : F74;
    4003 : F74;
    4004 : F74;
    4005 : F74;
    4006 : F75;
    4007 : F75;
    4008 : F75;
    4009 : F74;
    4010 : F75;
    4011 : F74;
    4012 : F74;
    4013 : F75;
    4014 : F74;
    4015 : F74;
    4016 : F75;
    4017 : F75;
    4018 : F75;
    4019 : F74;
    4020 : F75;
    4021 : F75;
    4022 : F75;
    4023 : F75;
    4024 : F74;
    4025 : F74;
    4026 : F74;
    4027 : F74;
    4028 : F75;
    4029 : F75;
    4030 : F75;
    4031 : F75;
    4032 : F75;
    4033 : F75;
    4034 : F75;
    4035 : F74;
    4036 : F74;
    4037 : F75;
    4038 : F75;
    4039 : F75;
    4040 : F75;
    4041 : F74;
    4042 : F75;
    4043 : F74;
    4044 : F75;
    4045 : F75;
    4046 : F75;
    4047 : F75;
    4048 : F74;
    4049 : F75;
    4050 : F75;
    4051 : F74;
    4052 : F75;
    4053 : F75;
    4054 : F75;
    4055 : F75;
    4056 : F75;
    4057 : F75;
    4058 : F75;
    4059 : F75;
    4060 : F75;
    4061 : F75;
    4062 : F75;
    4063 : F75;
    4064 : F75;
    4065 : F75;
    4066 : F75;
    4067 : F75;
    4068 : F75;
    4069 : F75;
    4070 : F75;
    4071 : F74;
    4072 : F74;
    4073 : F74;
    4074 : F74;
    4075 : F75;
    4076 : F75;
    4077 : F75;
    4078 : F75;
    4079 : F75;
    4080 : F75;
    4081 : F75;
    4082 : F75;
    4083 : F75;
    4084 : F75;
    4085 : F75;
    4086 : F75;
    4087 : F75;
    4088 : F75;
    4089 : F74;
    4090 : F74;
    4091 : F75;
    4092 : F75;
    4093 : F74;
    4094 : F75;
    4095 : F75;
    4096 : F75;
    4097 : F75;
    4098 : F75;
    4099 : F75;
    4100 : F75;
    4101 : F74;
    4102 : F75;
    4103 : F75;
    4104 : F74;
    4105 : F75;
    4106 : F74;
    4107 : F75;
    4108 : F75;
    4109 : F75;
    4110 : F75;
    4111 : F74;
    4112 : F75;
    4113 : F75;
    4114 : F75;
    4115 : F75;
    4116 : F75;
    4117 : F75;
    4118 : F75;
    4119 : F75;
    4120 : F75;
    4121 : F74;
    4122 : F74;
    4123 : F75;
    4124 : F74;
    4125 : F75;
    4126 : F74;
    4127 : F74;
    4128 : F74;
    4129 : F74;
    4130 : F74;
    4131 : F74;
    4132 : F74;
    4133 : F74;
    4134 : F74;
    4135 : F74;
    4136 : F75;
    4137 : F74;
    4138 : F75;
    4139 : F74;
    4140 : F75;
    4141 : F75;
    4142 : F75;
    4143 : F74;
    4144 : F74;
    4145 : F74;
    4146 : F74;
    4147 : F74;
    4148 : F74;
    4149 : F74;
    4150 : F74;
    4151 : F74;
    4152 : F75;
    4153 : F74;
    4154 : F75;
    4155 : F75;
    4156 : F75;
    4157 : F74;
    4158 : F74;
    4159 : F74;
    4160 : F74;
    4161 : F74;
    4162 : F74;
    4163 : F74;
    4164 : F74;
    4165 : F74;
    4166 : F74;
    4167 : F74;
    4168 : F74;
    4169 : F74;
    4170 : F74;
    4171 : F74;
    4172 : F74;
    4173 : F74;
    4174 : F74;
    4175 : F74;
    4176 : F75;
    4177 : F75;
    4178 : F75;
    4179 : F74;
    4180 : F75;
    4181 : F75;
    4182 : F75;
    4183 : F74;
    4184 : F75;
    4185 : F74;
    4186 : F74;
    4187 : F74;
    4188 : F75;
    4189 : F74;
    4190 : F75;
    4191 : F75;
    4192 : F75;
    4193 : F75;
    4194 : F74;
    4195 : F74;
    4196 : F74;
    4197 : F75;
    4198 : F74;
    4199 : F74;
    4200 : F75;
    4201 : F74;
    4202 : F74;
    4203 : F74;
    4204 : F75;
    4205 : F75;
    4206 : F75;
    4207 : F75;
    4208 : F75;
    4209 : F74;
    4210 : F74;
    4211 : F75;
    4212 : F75;
    4213 : F75;
    4214 : F75;
    4215 : F75;
    4216 : F75;
    4217 : F75;
    4218 : F75;
    4219 : F75;
    4220 : F75;
    4221 : F75;
    4222 : F75;
    4223 : F75;
    4224 : F75;
    4225 : F75;
    4226 : F75;
    4227 : F75;
    4228 : F75;
    4229 : F75;
    4230 : F75;
    4231 : F74;
    4232 : F74;
    4233 : F74;
    4234 : F74;
    4235 : F74;
    4236 : F75;
    4237 : F74;
    4238 : F74;
    4239 : F74;
    4240 : F75;
    4241 : F74;
    4242 : F74;
    4243 : F75;
    4244 : F75;
    4245 : F74;
    4246 : F74;
    4247 : F74;
    4248 : F75;
    4249 : F75;
    4250 : F74;
    4251 : F75;
    4252 : F75;
    4253 : F75;
    4254 : F74;
    4255 : F74;
    4256 : F74;
    4257 : F75;
    4258 : F74;
    4259 : F75;
    4260 : F75;
    4261 : F74;
    4262 : F75;
    4263 : F74;
    4264 : F74;
    4265 : F75;
    4266 : F75;
    4267 : F74;
    4268 : F75;
    4269 : F74;
    4270 : F75;
    4271 : F74;
    4272 : F74;
    4273 : F75;
    4274 : F75;
    4275 : F74;
    4276 : F75;
    4277 : F75;
    4278 : F74;
    4279 : F75;
    4280 : F75;
    4281 : F74;
    4282 : F74;
    4283 : F75;
    4284 : F74;
    4285 : F74;
    4286 : F74;
    4287 : F74;
    4288 : F74;
    4289 : F74;
    4290 : F74;
    4291 : F74;
    4292 : F74;
    4293 : F74;
    4294 : F74;
    4295 : F74;
    4296 : F74;
    4297 : F74;
    4298 : F74;
    4299 : F74;
    4300 : F74;
    4301 : F74;
    4302 : F74;
    4303 : F74;
    4304 : F74;
    4305 : F74;
    4306 : F74;
    4307 : F74;
    4308 : F74;
    4309 : F74;
    4310 : F75;
    4311 : F74;
    4312 : F74;
    4313 : F74;
    4314 : F74;
    4315 : F75;
    4316 : F74;
    4317 : F74;
    4318 : F74;
    4319 : F74;
    4320 : F74;
    4321 : F74;
    4322 : F84;
    4323 : F74;
    4324 : F74;
    4325 : F74;
    4326 : F74;
    4327 : F74;
    4328 : F74;
    4329 : F74;
    4330 : F74;
    4331 : F74;
    4332 : F74;
    4333 : F74;
    4334 : F75;
    4335 : F74;
    4336 : F75;
    4337 : F75;
    4338 : F75;
    4339 : F74;
    4340 : F74;
    4341 : F74;
    4342 : F74;
    4343 : F74;
    4344 : F74;
    4345 : F74;
    4346 : F74;
    4347 : F74;
    4348 : F75;
    4349 : F74;
    4350 : F75;
    4351 : F74;
    4352 : F75;
    4353 : F75;
    4354 : F75;
    4355 : F74;
    4356 : F74;
    4357 : F74;
    4358 : F74;
    4359 : F75;
    4360 : F74;
    4361 : F75;
    4362 : F75;
    4363 : F74;
    4364 : F75;
    4365 : F74;
    4366 : F74;
    4367 : F75;
    4368 : F74;
    4369 : F74;
    4370 : F74;
    4371 : F75;
    4372 : F74;
    4373 : F74;
    4374 : F75;
    4375 : F75;
    4376 : F75;
    4377 : F75;
    4378 : F75;
    4379 : F75;
    4380 : F75;
    4381 : F75;
    4382 : F75;
    4383 : F75;
    4384 : F75;
    4385 : F75;
    4386 : F75;
    4387 : F75;
    4388 : F75;
    4389 : F75;
    4390 : F75;
    4391 : F74;
    4392 : F74;
    4393 : F74;
    4394 : F74;
    4395 : F75;
    4396 : F74;
    4397 : F74;
    4398 : F74;
    4399 : F74;
    4400 : F74;
    4401 : F74;
    4402 : F75;
    4403 : F74;
    4404 : F75;
    4405 : F74;
    4406 : F74;
    4407 : F75;
    4408 : F75;
    4409 : F74;
    4410 : F74;
    4411 : F75;
    4412 : F75;
    4413 : F74;
    4414 : F74;
    4415 : F74;
    4416 : F75;
    4417 : F75;
    4418 : F75;
    4419 : F74;
    4420 : F74;
    4421 : F74;
    4422 : F75;
    4423 : F74;
    4424 : F74;
    4425 : F75;
    4426 : F75;
    4427 : F74;
    4428 : F74;
    4429 : F74;
    4430 : F74;
    4431 : F74;
    4432 : F74;
    4433 : F74;
    4434 : F75;
    4435 : F75;
    4436 : F75;
    4437 : F74;
    4438 : F74;
    4439 : F74;
    4440 : F74;
    4441 : F74;
    4442 : F75;
    4443 : F74;
    4444 : F74;
    4445 : F74;
    4446 : F74;
    4447 : F74;
    4448 : F74;
    4449 : F74;
    4450 : F74;
    4451 : F74;
    4452 : F74;
    4453 : F74;
    4454 : F74;
    4455 : F74;
    4456 : F74;
    4457 : F74;
    4458 : F74;
    4459 : F74;
    4460 : F74;
    4461 : F74;
    4462 : F74;
    4463 : F74;
    4464 : F74;
    4465 : F74;
    4466 : F74;
    4467 : F74;
    4468 : F74;
    4469 : F74;
    4470 : F74;
    4471 : F74;
    4472 : F74;
    4473 : F74;
    4474 : F74;
    4475 : F74;
    4476 : F74;
    4477 : F74;
    4478 : F74;
    4479 : F74;
    4480 : F74;
    4481 : F74;
    4482 : F85;
    4483 : F84;
    4484 : F74;
    4485 : F74;
    4486 : F74;
    4487 : F74;
    4488 : F74;
    4489 : F74;
    4490 : F75;
    4491 : F74;
    4492 : F74;
    4493 : F74;
    4494 : F75;
    4495 : F74;
    4496 : F75;
    4497 : F75;
    4498 : F74;
    4499 : F74;
    4500 : F74;
    4501 : F74;
    4502 : F74;
    4503 : F74;
    4504 : F74;
    4505 : F74;
    4506 : F74;
    4507 : F74;
    4508 : F74;
    4509 : F74;
    4510 : F74;
    4511 : F74;
    4512 : F74;
    4513 : F75;
    4514 : F74;
    4515 : F74;
    4516 : F74;
    4517 : F74;
    4518 : F75;
    4519 : F74;
    4520 : F74;
    4521 : F75;
    4522 : F75;
    4523 : F74;
    4524 : F75;
    4525 : F74;
    4526 : F75;
    4527 : F74;
    4528 : F74;
    4529 : F74;
    4530 : F75;
    4531 : F75;
    4532 : F74;
    4533 : F75;
    4534 : F75;
    4535 : F74;
    4536 : F75;
    4537 : F75;
    4538 : F75;
    4539 : F75;
    4540 : F75;
    4541 : F75;
    4542 : F75;
    4543 : F75;
    4544 : F75;
    4545 : F75;
    4546 : F75;
    4547 : F75;
    4548 : F75;
    4549 : F74;
    4550 : F75;
    4551 : F75;
    4552 : F74;
    4553 : F74;
    4554 : F75;
    4555 : F74;
    4556 : F74;
    4557 : F74;
    4558 : F74;
    4559 : F74;
    4560 : F74;
    4561 : F74;
    4562 : F75;
    4563 : F74;
    4564 : F74;
    4565 : F74;
    4566 : F74;
    4567 : F75;
    4568 : F75;
    4569 : F74;
    4570 : F75;
    4571 : F75;
    4572 : F74;
    4573 : F74;
    4574 : F74;
    4575 : F74;
    4576 : F74;
    4577 : F74;
    4578 : F74;
    4579 : F74;
    4580 : F74;
    4581 : F74;
    4582 : F74;
    4583 : F75;
    4584 : F74;
    4585 : F74;
    4586 : F74;
    4587 : F74;
    4588 : F74;
    4589 : F74;
    4590 : F74;
    4591 : F74;
    4592 : F74;
    4593 : F74;
    4594 : F75;
    4595 : F74;
    4596 : F74;
    4597 : F74;
    4598 : F74;
    4599 : F74;
    4600 : F74;
    4601 : F74;
    4602 : F74;
    4603 : F74;
    4604 : F74;
    4605 : F74;
    4606 : F74;
    4607 : F74;
    4608 : F74;
    4609 : F74;
    4610 : F74;
    4611 : F74;
    4612 : F74;
    4613 : F74;
    4614 : F74;
    4615 : F74;
    4616 : F74;
    4617 : F74;
    4618 : F74;
    4619 : F74;
    4620 : F74;
    4621 : F74;
    4622 : F74;
    4623 : F74;
    4624 : F84;
    4625 : F74;
    4626 : F74;
    4627 : F74;
    4628 : F74;
    4629 : F74;
    4630 : F74;
    4631 : F74;
    4632 : F75;
    4633 : F74;
    4634 : F74;
    4635 : F74;
    4636 : F74;
    4637 : F74;
    4638 : F74;
    4639 : F74;
    4640 : F84;
    4641 : F84;
    4642 : F84;
    4643 : F84;
    4644 : F84;
    4645 : F84;
    4646 : F84;
    4647 : F74;
    4648 : F74;
    4649 : F74;
    4650 : F74;
    4651 : F74;
    4652 : F84;
    4653 : F74;
    4654 : F74;
    4655 : F74;
    4656 : F74;
    4657 : F75;
    4658 : F74;
    4659 : F74;
    4660 : F74;
    4661 : F74;
    4662 : F74;
    4663 : F74;
    4664 : F74;
    4665 : F74;
    4666 : F74;
    4667 : F74;
    4668 : F75;
    4669 : F75;
    4670 : F74;
    4671 : F75;
    4672 : F74;
    4673 : F74;
    4674 : F74;
    4675 : F74;
    4676 : F74;
    4677 : F74;
    4678 : F75;
    4679 : F75;
    4680 : F75;
    4681 : F74;
    4682 : F75;
    4683 : F75;
    4684 : F75;
    4685 : F74;
    4686 : F74;
    4687 : F74;
    4688 : F74;
    4689 : F75;
    4690 : F74;
    4691 : F75;
    4692 : F74;
    4693 : F74;
    4694 : F74;
    4695 : F74;
    4696 : F74;
    4697 : F74;
    4698 : F75;
    4699 : F75;
    4700 : F75;
    4701 : F74;
    4702 : F74;
    4703 : F75;
    4704 : F75;
    4705 : F74;
    4706 : F75;
    4707 : F74;
    4708 : F74;
    4709 : F74;
    4710 : F75;
    4711 : F75;
    4712 : F75;
    4713 : F74;
    4714 : F74;
    4715 : F74;
    4716 : F74;
    4717 : F74;
    4718 : F74;
    4719 : F74;
    4720 : F74;
    4721 : F74;
    4722 : F74;
    4723 : F74;
    4724 : F74;
    4725 : F74;
    4726 : F74;
    4727 : F75;
    4728 : F75;
    4729 : F74;
    4730 : F75;
    4731 : F75;
    4732 : F75;
    4733 : F74;
    4734 : F74;
    4735 : F74;
    4736 : F74;
    4737 : F74;
    4738 : F74;
    4739 : F74;
    4740 : F74;
    4741 : F74;
    4742 : F74;
    4743 : F74;
    4744 : F75;
    4745 : F74;
    4746 : F74;
    4747 : F74;
    4748 : F74;
    4749 : F74;
    4750 : F74;
    4751 : F74;
    4752 : F74;
    4753 : F74;
    4754 : F74;
    4755 : F74;
    4756 : F74;
    4757 : F74;
    4758 : F74;
    4759 : F74;
    4760 : F74;
    4761 : F74;
    4762 : F74;
    4763 : F74;
    4764 : F74;
    4765 : F74;
    4766 : F74;
    4767 : F74;
    4768 : F74;
    4769 : F74;
    4770 : F74;
    4771 : F74;
    4772 : F74;
    4773 : F74;
    4774 : F74;
    4775 : F74;
    4776 : F74;
    4777 : F74;
    4778 : F74;
    4779 : F74;
    4780 : F74;
    4781 : F74;
    4782 : F74;
    4783 : F74;
    4784 : F74;
    4785 : F74;
    4786 : F74;
    4787 : F74;
    4788 : F74;
    4789 : F74;
    4790 : F74;
    4791 : F74;
    4792 : F74;
    4793 : F74;
    4794 : F74;
    4795 : F74;
    4796 : F84;
    4797 : F74;
    4798 : F74;
    4799 : F74;
    4800 : F84;
    4801 : F84;
    4802 : F84;
    4803 : F84;
    4804 : F84;
    4805 : F84;
    4806 : F84;
    4807 : F74;
    4808 : F74;
    4809 : F84;
    4810 : F84;
    4811 : F84;
    4812 : F74;
    4813 : F74;
    4814 : F74;
    4815 : F74;
    4816 : F74;
    4817 : F74;
    4818 : F74;
    4819 : F74;
    4820 : F74;
    4821 : F74;
    4822 : F74;
    4823 : F74;
    4824 : F74;
    4825 : F74;
    4826 : F74;
    4827 : F74;
    4828 : F74;
    4829 : F75;
    4830 : F74;
    4831 : F74;
    4832 : F74;
    4833 : F74;
    4834 : F74;
    4835 : F74;
    4836 : F74;
    4837 : F74;
    4838 : F74;
    4839 : F74;
    4840 : F75;
    4841 : F75;
    4842 : F74;
    4843 : F74;
    4844 : F75;
    4845 : F75;
    4846 : F74;
    4847 : F74;
    4848 : F74;
    4849 : F74;
    4850 : F74;
    4851 : F74;
    4852 : F75;
    4853 : F74;
    4854 : F74;
    4855 : F74;
    4856 : F74;
    4857 : F74;
    4858 : F74;
    4859 : F74;
    4860 : F75;
    4861 : F75;
    4862 : F75;
    4863 : F74;
    4864 : F74;
    4865 : F75;
    4866 : F74;
    4867 : F74;
    4868 : F74;
    4869 : F74;
    4870 : F74;
    4871 : F74;
    4872 : F74;
    4873 : F74;
    4874 : F74;
    4875 : F74;
    4876 : F74;
    4877 : F74;
    4878 : F74;
    4879 : F74;
    4880 : F74;
    4881 : F74;
    4882 : F74;
    4883 : F74;
    4884 : F74;
    4885 : F74;
    4886 : F74;
    4887 : F74;
    4888 : F74;
    4889 : F74;
    4890 : F74;
    4891 : F74;
    4892 : F74;
    4893 : F74;
    4894 : F74;
    4895 : F74;
    4896 : F74;
    4897 : F74;
    4898 : F74;
    4899 : F74;
    4900 : F74;
    4901 : F74;
    4902 : F74;
    4903 : F74;
    4904 : F74;
    4905 : F74;
    4906 : F74;
    4907 : F74;
    4908 : F74;
    4909 : F74;
    4910 : F75;
    4911 : F74;
    4912 : F74;
    4913 : F75;
    4914 : F74;
    4915 : F74;
    4916 : F74;
    4917 : F74;
    4918 : F74;
    4919 : F74;
    4920 : F74;
    4921 : F74;
    4922 : F74;
    4923 : F74;
    4924 : F74;
    4925 : F74;
    4926 : F74;
    4927 : F74;
    4928 : F74;
    4929 : F74;
    4930 : F74;
    4931 : F74;
    4932 : F84;
    4933 : F84;
    4934 : FB5;
    4935 : FB5;
    4936 : FB5;
    4937 : F84;
    4938 : F74;
    4939 : F74;
    4940 : F74;
    4941 : F74;
    4942 : F74;
    4943 : F74;
    4944 : F74;
    4945 : F84;
    4946 : F84;
    4947 : F84;
    4948 : F74;
    4949 : F74;
    4950 : F74;
    4951 : F74;
    4952 : F84;
    4953 : F84;
    4954 : F84;
    4955 : F74;
    4956 : F74;
    4957 : F74;
    4958 : F84;
    4959 : F74;
    4960 : F84;
    4961 : F84;
    4962 : F84;
    4963 : F84;
    4964 : F84;
    4965 : F84;
    4966 : F74;
    4967 : F84;
    4968 : F84;
    4969 : F84;
    4970 : F84;
    4971 : F84;
    4972 : F84;
    4973 : F74;
    4974 : F74;
    4975 : F84;
    4976 : F84;
    4977 : F74;
    4978 : F84;
    4979 : F84;
    4980 : F84;
    4981 : F74;
    4982 : F74;
    4983 : F74;
    4984 : F74;
    4985 : F74;
    4986 : F74;
    4987 : F74;
    4988 : F74;
    4989 : F74;
    4990 : F75;
    4991 : F74;
    4992 : F84;
    4993 : F74;
    4994 : F74;
    4995 : F74;
    4996 : F74;
    4997 : F74;
    4998 : F74;
    4999 : F74;
    5000 : F74;
    5001 : F75;
    5002 : F85;
    5003 : F74;
    5004 : F74;
    5005 : F74;
    5006 : F75;
    5007 : F74;
    5008 : F74;
    5009 : F75;
    5010 : F75;
    5011 : F74;
    5012 : F74;
    5013 : F74;
    5014 : F74;
    5015 : F74;
    5016 : F74;
    5017 : F74;
    5018 : F74;
    5019 : F74;
    5020 : F74;
    5021 : F74;
    5022 : F75;
    5023 : F75;
    5024 : F74;
    5025 : F75;
    5026 : F74;
    5027 : F74;
    5028 : F74;
    5029 : F74;
    5030 : F74;
    5031 : F74;
    5032 : F74;
    5033 : F74;
    5034 : F74;
    5035 : F74;
    5036 : F74;
    5037 : F74;
    5038 : F74;
    5039 : F74;
    5040 : F74;
    5041 : F74;
    5042 : F74;
    5043 : F74;
    5044 : F74;
    5045 : F74;
    5046 : F74;
    5047 : F74;
    5048 : F74;
    5049 : F74;
    5050 : F74;
    5051 : F74;
    5052 : F74;
    5053 : F74;
    5054 : F74;
    5055 : F74;
    5056 : F74;
    5057 : F74;
    5058 : F74;
    5059 : F74;
    5060 : F74;
    5061 : F74;
    5062 : F74;
    5063 : F74;
    5064 : F74;
    5065 : F74;
    5066 : F74;
    5067 : F74;
    5068 : F74;
    5069 : F74;
    5070 : F74;
    5071 : F74;
    5072 : F74;
    5073 : F74;
    5074 : F74;
    5075 : F74;
    5076 : F74;
    5077 : F74;
    5078 : F74;
    5079 : F74;
    5080 : F74;
    5081 : F74;
    5082 : F74;
    5083 : F74;
    5084 : F74;
    5085 : F74;
    5086 : F74;
    5087 : F74;
    5088 : F74;
    5089 : F74;
    5090 : F84;
    5091 : F84;
    5092 : F84;
    5093 : FB5;
    5094 : FB5;
    5095 : FB5;
    5096 : FB5;
    5097 : FB5;
    5098 : F84;
    5099 : F84;
    5100 : F84;
    5101 : F74;
    5102 : F84;
    5103 : F84;
    5104 : F84;
    5105 : F84;
    5106 : F84;
    5107 : F84;
    5108 : F84;
    5109 : F84;
    5110 : F84;
    5111 : F84;
    5112 : F84;
    5113 : F84;
    5114 : F84;
    5115 : F84;
    5116 : F84;
    5117 : F74;
    5118 : F84;
    5119 : F84;
    5120 : F84;
    5121 : F84;
    5122 : F84;
    5123 : F84;
    5124 : F84;
    5125 : F84;
    5126 : F84;
    5127 : F84;
    5128 : F84;
    5129 : F84;
    5130 : F84;
    5131 : F84;
    5132 : F84;
    5133 : F84;
    5134 : F84;
    5135 : F84;
    5136 : F84;
    5137 : F84;
    5138 : F84;
    5139 : F84;
    5140 : F84;
    5141 : F84;
    5142 : F84;
    5143 : F74;
    5144 : F74;
    5145 : F74;
    5146 : F84;
    5147 : F75;
    5148 : F85;
    5149 : F75;
    5150 : F74;
    5151 : F74;
    5152 : F74;
    5153 : F74;
    5154 : F74;
    5155 : F74;
    5156 : F74;
    5157 : F74;
    5158 : F74;
    5159 : F74;
    5160 : F74;
    5161 : F74;
    5162 : F74;
    5163 : F74;
    5164 : F74;
    5165 : F74;
    5166 : F74;
    5167 : F74;
    5168 : F75;
    5169 : F74;
    5170 : F75;
    5171 : F74;
    5172 : F74;
    5173 : F75;
    5174 : F75;
    5175 : F75;
    5176 : F75;
    5177 : F75;
    5178 : F75;
    5179 : F75;
    5180 : F74;
    5181 : F74;
    5182 : F75;
    5183 : F74;
    5184 : F75;
    5185 : F74;
    5186 : F75;
    5187 : F75;
    5188 : F74;
    5189 : F74;
    5190 : F74;
    5191 : F75;
    5192 : F75;
    5193 : F74;
    5194 : F75;
    5195 : F74;
    5196 : F74;
    5197 : F74;
    5198 : F74;
    5199 : F74;
    5200 : F74;
    5201 : F74;
    5202 : F74;
    5203 : F74;
    5204 : F74;
    5205 : F74;
    5206 : F74;
    5207 : F74;
    5208 : F74;
    5209 : F74;
    5210 : F74;
    5211 : F74;
    5212 : F74;
    5213 : F74;
    5214 : F74;
    5215 : F74;
    5216 : F74;
    5217 : F74;
    5218 : F74;
    5219 : F74;
    5220 : F74;
    5221 : F74;
    5222 : F74;
    5223 : F74;
    5224 : F74;
    5225 : F74;
    5226 : F74;
    5227 : F74;
    5228 : F74;
    5229 : F74;
    5230 : F74;
    5231 : F74;
    5232 : F74;
    5233 : F74;
    5234 : F75;
    5235 : F74;
    5236 : F74;
    5237 : F74;
    5238 : F74;
    5239 : F74;
    5240 : F74;
    5241 : F74;
    5242 : F74;
    5243 : F74;
    5244 : F84;
    5245 : F74;
    5246 : F74;
    5247 : F74;
    5248 : F74;
    5249 : FA5;
    5250 : FB5;
    5251 : F84;
    5252 : FB5;
    5253 : FB5;
    5254 : FA4;
    5255 : FA4;
    5256 : FA4;
    5257 : F94;
    5258 : FB5;
    5259 : FB5;
    5260 : F84;
    5261 : F74;
    5262 : F84;
    5263 : F74;
    5264 : F84;
    5265 : F84;
    5266 : F84;
    5267 : F84;
    5268 : F84;
    5269 : F84;
    5270 : F84;
    5271 : F84;
    5272 : F84;
    5273 : F84;
    5274 : F84;
    5275 : F84;
    5276 : F84;
    5277 : F84;
    5278 : F84;
    5279 : F84;
    5280 : F85;
    5281 : F84;
    5282 : F84;
    5283 : F84;
    5284 : F84;
    5285 : F84;
    5286 : F84;
    5287 : F84;
    5288 : F84;
    5289 : F84;
    5290 : F84;
    5291 : F84;
    5292 : F84;
    5293 : F84;
    5294 : F84;
    5295 : F84;
    5296 : F84;
    5297 : F84;
    5298 : F84;
    5299 : F84;
    5300 : F84;
    5301 : F84;
    5302 : F84;
    5303 : F74;
    5304 : F74;
    5305 : F74;
    5306 : F84;
    5307 : F74;
    5308 : F85;
    5309 : F85;
    5310 : F74;
    5311 : F84;
    5312 : F74;
    5313 : F74;
    5314 : F74;
    5315 : F74;
    5316 : F74;
    5317 : F74;
    5318 : F84;
    5319 : F75;
    5320 : F84;
    5321 : F74;
    5322 : F74;
    5323 : F74;
    5324 : F74;
    5325 : F74;
    5326 : F74;
    5327 : F74;
    5328 : F74;
    5329 : F74;
    5330 : F74;
    5331 : F74;
    5332 : F74;
    5333 : F74;
    5334 : F75;
    5335 : F74;
    5336 : F74;
    5337 : F74;
    5338 : F74;
    5339 : F74;
    5340 : F74;
    5341 : F74;
    5342 : F74;
    5343 : F74;
    5344 : F74;
    5345 : F74;
    5346 : F75;
    5347 : F75;
    5348 : F75;
    5349 : F75;
    5350 : F74;
    5351 : F74;
    5352 : F74;
    5353 : F74;
    5354 : F84;
    5355 : F74;
    5356 : F74;
    5357 : F74;
    5358 : F74;
    5359 : F74;
    5360 : F74;
    5361 : F74;
    5362 : F74;
    5363 : F74;
    5364 : F74;
    5365 : F74;
    5366 : F74;
    5367 : F74;
    5368 : F74;
    5369 : F74;
    5370 : F74;
    5371 : F74;
    5372 : F74;
    5373 : F74;
    5374 : F74;
    5375 : F74;
    5376 : F74;
    5377 : F74;
    5378 : F74;
    5379 : F74;
    5380 : F74;
    5381 : F74;
    5382 : F74;
    5383 : F74;
    5384 : F74;
    5385 : F74;
    5386 : F74;
    5387 : F74;
    5388 : F74;
    5389 : F74;
    5390 : F74;
    5391 : F74;
    5392 : F74;
    5393 : F74;
    5394 : F74;
    5395 : F74;
    5396 : F74;
    5397 : F74;
    5398 : F74;
    5399 : F74;
    5400 : F74;
    5401 : F74;
    5402 : F74;
    5403 : F74;
    5404 : F74;
    5405 : F74;
    5406 : F85;
    5407 : FA5;
    5408 : F94;
    5409 : FB5;
    5410 : FA4;
    5411 : FB5;
    5412 : FA4;
    5413 : F94;
    5414 : F94;
    5415 : FA4;
    5416 : FA4;
    5417 : F94;
    5418 : F94;
    5419 : FA4;
    5420 : F94;
    5421 : FB5;
    5422 : FA5;
    5423 : F74;
    5424 : F84;
    5425 : F84;
    5426 : F84;
    5427 : F84;
    5428 : F84;
    5429 : F84;
    5430 : F84;
    5431 : F84;
    5432 : F84;
    5433 : F84;
    5434 : F84;
    5435 : F84;
    5436 : F84;
    5437 : F84;
    5438 : F84;
    5439 : F84;
    5440 : F85;
    5441 : F84;
    5442 : F84;
    5443 : F84;
    5444 : F84;
    5445 : F84;
    5446 : F84;
    5447 : F84;
    5448 : F84;
    5449 : F84;
    5450 : F84;
    5451 : F84;
    5452 : F84;
    5453 : F84;
    5454 : F84;
    5455 : F84;
    5456 : F84;
    5457 : F84;
    5458 : F84;
    5459 : F84;
    5460 : F84;
    5461 : F84;
    5462 : F84;
    5463 : F74;
    5464 : F74;
    5465 : F84;
    5466 : F84;
    5467 : F84;
    5468 : F84;
    5469 : F84;
    5470 : F84;
    5471 : F84;
    5472 : F84;
    5473 : F84;
    5474 : F84;
    5475 : F74;
    5476 : F84;
    5477 : F74;
    5478 : F74;
    5479 : F74;
    5480 : F74;
    5481 : F84;
    5482 : F84;
    5483 : F74;
    5484 : F84;
    5485 : F84;
    5486 : F84;
    5487 : F74;
    5488 : F84;
    5489 : F74;
    5490 : F84;
    5491 : F74;
    5492 : F74;
    5493 : F84;
    5494 : F84;
    5495 : F84;
    5496 : F74;
    5497 : F84;
    5498 : F84;
    5499 : F74;
    5500 : F74;
    5501 : F74;
    5502 : F84;
    5503 : F74;
    5504 : F74;
    5505 : F74;
    5506 : F74;
    5507 : F74;
    5508 : F74;
    5509 : F84;
    5510 : F84;
    5511 : F74;
    5512 : F74;
    5513 : F84;
    5514 : F74;
    5515 : F84;
    5516 : F74;
    5517 : F74;
    5518 : F74;
    5519 : F84;
    5520 : F74;
    5521 : F74;
    5522 : F74;
    5523 : F74;
    5524 : F74;
    5525 : F74;
    5526 : F74;
    5527 : F74;
    5528 : F74;
    5529 : F74;
    5530 : F74;
    5531 : F74;
    5532 : F84;
    5533 : F84;
    5534 : F74;
    5535 : F84;
    5536 : F84;
    5537 : F84;
    5538 : F84;
    5539 : F74;
    5540 : F74;
    5541 : F74;
    5542 : F74;
    5543 : F74;
    5544 : F84;
    5545 : F84;
    5546 : F74;
    5547 : F74;
    5548 : F74;
    5549 : F74;
    5550 : F74;
    5551 : F74;
    5552 : F74;
    5553 : F75;
    5554 : F84;
    5555 : F74;
    5556 : F74;
    5557 : F74;
    5558 : F74;
    5559 : F74;
    5560 : F84;
    5561 : F84;
    5562 : F84;
    5563 : F74;
    5564 : F84;
    5565 : F84;
    5566 : F84;
    5567 : F84;
    5568 : F84;
    5569 : F84;
    5570 : F84;
    5571 : F84;
    5572 : F84;
    5573 : F84;
    5574 : F84;
    5575 : F84;
    5576 : F84;
    5577 : F84;
    5578 : F84;
    5579 : F84;
    5580 : F84;
    5581 : F84;
    5582 : F84;
    5583 : F84;
    5584 : F84;
    5585 : F84;
    5586 : F84;
    5587 : F84;
    5588 : F84;
    5589 : F84;
    5590 : F84;
    5591 : F84;
    5592 : F84;
    5593 : F84;
    5594 : F84;
    5595 : F84;
    5596 : F84;
    5597 : F84;
    5598 : F84;
    5599 : F84;
    5600 : F84;
    5601 : F84;
    5602 : F84;
    5603 : F84;
    5604 : F84;
    5605 : F84;
    5606 : F84;
    5607 : F84;
    5608 : F84;
    5609 : F84;
    5610 : F84;
    5611 : F84;
    5612 : F84;
    5613 : F84;
    5614 : F84;
    5615 : F84;
    5616 : F84;
    5617 : F84;
    5618 : F84;
    5619 : F84;
    5620 : F84;
    5621 : F84;
    5622 : F84;
    5623 : F84;
    5624 : F84;
    5625 : F84;
    5626 : F84;
    5627 : F84;
    5628 : F84;
    5629 : F84;
    5630 : F84;
    5631 : F74;
    5632 : F84;
    5633 : F84;
    5634 : F84;
    5635 : F84;
    5636 : F84;
    5637 : F84;
    5638 : F84;
    5639 : F84;
    5640 : F74;
    5641 : F74;
    5642 : F84;
    5643 : F84;
    5644 : F84;
    5645 : F74;
    5646 : F84;
    5647 : F74;
    5648 : F84;
    5649 : F84;
    5650 : F74;
    5651 : F74;
    5652 : F74;
    5653 : F84;
    5654 : F84;
    5655 : F84;
    5656 : F85;
    5657 : F74;
    5658 : F74;
    5659 : F74;
    5660 : F74;
    5661 : F84;
    5662 : F84;
    5663 : F84;
    5664 : F84;
    5665 : F74;
    5666 : F84;
    5667 : F84;
    5668 : F84;
    5669 : F74;
    5670 : F74;
    5671 : F74;
    5672 : F84;
    5673 : F84;
    5674 : F84;
    5675 : F84;
    5676 : F84;
    5677 : F74;
    5678 : F74;
    5679 : F74;
    5680 : F74;
    5681 : F74;
    5682 : F84;
    5683 : F74;
    5684 : F84;
    5685 : F74;
    5686 : F74;
    5687 : F74;
    5688 : F74;
    5689 : F74;
    5690 : F74;
    5691 : F84;
    5692 : F74;
    5693 : F74;
    5694 : F74;
    5695 : F74;
    5696 : F84;
    5697 : F84;
    5698 : F84;
    5699 : F74;
    5700 : F84;
    5701 : F74;
    5702 : F74;
    5703 : F74;
    5704 : F84;
    5705 : F84;
    5706 : F84;
    5707 : F84;
    5708 : F74;
    5709 : F74;
    5710 : F74;
    5711 : F74;
    5712 : F74;
    5713 : F74;
    5714 : F84;
    5715 : F84;
    5716 : F84;
    5717 : F74;
    5718 : F84;
    5719 : F84;
    5720 : F74;
    5721 : F74;
    5722 : F84;
    5723 : F74;
    5724 : F84;
    5725 : F84;
    5726 : F84;
    5727 : F84;
    5728 : F84;
    5729 : F84;
    5730 : F84;
    5731 : F84;
    5732 : F84;
    5733 : F84;
    5734 : F84;
    5735 : F84;
    5736 : F84;
    5737 : F84;
    5738 : F84;
    5739 : F84;
    5740 : F84;
    5741 : F84;
    5742 : F84;
    5743 : F84;
    5744 : F84;
    5745 : F84;
    5746 : F84;
    5747 : F84;
    5748 : F84;
    5749 : F84;
    5750 : F84;
    5751 : F84;
    5752 : F84;
    5753 : F84;
    5754 : F84;
    5755 : F84;
    5756 : F84;
    5757 : F84;
    5758 : F84;
    5759 : F84;
    5760 : F84;
    5761 : F84;
    5762 : F84;
    5763 : F84;
    5764 : F84;
    5765 : F84;
    5766 : F84;
    5767 : F84;
    5768 : F84;
    5769 : F84;
    5770 : F84;
    5771 : F84;
    5772 : F84;
    5773 : F84;
    5774 : F84;
    5775 : F84;
    5776 : F84;
    5777 : F84;
    5778 : F84;
    5779 : F84;
    5780 : F84;
    5781 : F84;
    5782 : F84;
    5783 : F84;
    5784 : F84;
    5785 : F84;
    5786 : F84;
    5787 : F84;
    5788 : F84;
    5789 : F84;
    5790 : F84;
    5791 : F84;
    5792 : F84;
    5793 : F84;
    5794 : F84;
    5795 : F84;
    5796 : F84;
    5797 : F84;
    5798 : F74;
    5799 : FB5;
    5800 : FA5;
    5801 : F84;
    5802 : F84;
    5803 : F84;
    5804 : F84;
    5805 : F84;
    5806 : F84;
    5807 : F84;
    5808 : F84;
    5809 : F84;
    5810 : F84;
    5811 : F84;
    5812 : F84;
    5813 : F84;
    5814 : F84;
    5815 : F84;
    5816 : F84;
    5817 : F84;
    5818 : F84;
    5819 : F84;
    5820 : F84;
    5821 : F84;
    5822 : F84;
    5823 : F84;
    5824 : F84;
    5825 : F84;
    5826 : F84;
    5827 : F84;
    5828 : F84;
    5829 : F84;
    5830 : F84;
    5831 : F84;
    5832 : F84;
    5833 : F84;
    5834 : F84;
    5835 : F84;
    5836 : F84;
    5837 : F74;
    5838 : F84;
    5839 : F84;
    5840 : F84;
    5841 : F84;
    5842 : F84;
    5843 : F84;
    5844 : F84;
    5845 : F84;
    5846 : F84;
    5847 : F84;
    5848 : F84;
    5849 : F84;
    5850 : F84;
    5851 : F84;
    5852 : F84;
    5853 : F84;
    5854 : F84;
    5855 : F84;
    5856 : F84;
    5857 : F84;
    5858 : F84;
    5859 : F84;
    5860 : F84;
    5861 : F84;
    5862 : F84;
    5863 : F84;
    5864 : F84;
    5865 : F84;
    5866 : F84;
    5867 : F84;
    5868 : F84;
    5869 : F84;
    5870 : F84;
    5871 : F84;
    5872 : F84;
    5873 : F84;
    5874 : F84;
    5875 : F84;
    5876 : F84;
    5877 : F84;
    5878 : F84;
    5879 : F84;
    5880 : F84;
    5881 : F84;
    5882 : F84;
    5883 : F84;
    5884 : F84;
    5885 : F84;
    5886 : F84;
    5887 : F84;
    5888 : F84;
    5889 : F84;
    5890 : F84;
    5891 : F84;
    5892 : F84;
    5893 : F84;
    5894 : F84;
    5895 : F84;
    5896 : F84;
    5897 : F84;
    5898 : F84;
    5899 : F84;
    5900 : F84;
    5901 : F84;
    5902 : F84;
    5903 : F84;
    5904 : F84;
    5905 : F84;
    5906 : F84;
    5907 : F84;
    5908 : F84;
    5909 : F84;
    5910 : F84;
    5911 : F84;
    5912 : F84;
    5913 : F84;
    5914 : F84;
    5915 : F84;
    5916 : F84;
    5917 : F84;
    5918 : F84;
    5919 : F84;
    5920 : F84;
    5921 : F84;
    5922 : F84;
    5923 : F84;
    5924 : F84;
    5925 : F84;
    5926 : F84;
    5927 : F84;
    5928 : F84;
    5929 : F84;
    5930 : F84;
    5931 : F84;
    5932 : F84;
    5933 : F84;
    5934 : F84;
    5935 : F84;
    5936 : F84;
    5937 : F84;
    5938 : F84;
    5939 : F84;
    5940 : F84;
    5941 : F84;
    5942 : F84;
    5943 : F84;
    5944 : F84;
    5945 : F84;
    5946 : F84;
    5947 : F84;
    5948 : F84;
    5949 : F84;
    5950 : F84;
    5951 : F84;
    5952 : F84;
    5953 : F84;
    5954 : F84;
    5955 : F84;
    5956 : F84;
    5957 : FB5;
    5958 : FB5;
    5959 : FB5;
    5960 : FB5;
    5961 : FB5;
    5962 : F84;
    5963 : F84;
    5964 : F84;
    5965 : F84;
    5966 : F84;
    5967 : F84;
    5968 : F84;
    5969 : F84;
    5970 : F84;
    5971 : F84;
    5972 : F84;
    5973 : F84;
    5974 : F84;
    5975 : F84;
    5976 : F84;
    5977 : F84;
    5978 : F84;
    5979 : F84;
    5980 : F84;
    5981 : F84;
    5982 : F84;
    5983 : F84;
    5984 : F84;
    5985 : F84;
    5986 : F84;
    5987 : F84;
    5988 : F84;
    5989 : F84;
    5990 : F84;
    5991 : F84;
    5992 : F84;
    5993 : F84;
    5994 : F84;
    5995 : F84;
    5996 : F84;
    5997 : F84;
    5998 : F84;
    5999 : F84;
    6000 : F84;
    6001 : F84;
    6002 : F84;
    6003 : F84;
    6004 : F84;
    6005 : F84;
    6006 : F84;
    6007 : F84;
    6008 : F84;
    6009 : F84;
    6010 : F84;
    6011 : F84;
    6012 : F84;
    6013 : F84;
    6014 : F84;
    6015 : F84;
    6016 : F84;
    6017 : F84;
    6018 : F74;
    6019 : F84;
    6020 : F84;
    6021 : F84;
    6022 : F84;
    6023 : F84;
    6024 : F84;
    6025 : F84;
    6026 : F84;
    6027 : F84;
    6028 : F84;
    6029 : F84;
    6030 : F84;
    6031 : F84;
    6032 : F84;
    6033 : F84;
    6034 : F84;
    6035 : F84;
    6036 : F84;
    6037 : F84;
    6038 : F84;
    6039 : F84;
    6040 : F84;
    6041 : F84;
    6042 : F84;
    6043 : F84;
    6044 : F84;
    6045 : F84;
    6046 : F84;
    6047 : F84;
    6048 : F84;
    6049 : F84;
    6050 : F84;
    6051 : F84;
    6052 : F84;
    6053 : F84;
    6054 : F84;
    6055 : F84;
    6056 : F84;
    6057 : F84;
    6058 : F84;
    6059 : F84;
    6060 : F84;
    6061 : F84;
    6062 : F84;
    6063 : F84;
    6064 : F84;
    6065 : F84;
    6066 : F84;
    6067 : F84;
    6068 : F84;
    6069 : F84;
    6070 : F84;
    6071 : F84;
    6072 : F84;
    6073 : F84;
    6074 : F84;
    6075 : F84;
    6076 : F84;
    6077 : F84;
    6078 : F84;
    6079 : F84;
    6080 : F84;
    6081 : F84;
    6082 : F84;
    6083 : F84;
    6084 : F84;
    6085 : F84;
    6086 : F84;
    6087 : F84;
    6088 : F84;
    6089 : F84;
    6090 : F84;
    6091 : F84;
    6092 : F84;
    6093 : F84;
    6094 : F84;
    6095 : F84;
    6096 : F84;
    6097 : F84;
    6098 : F84;
    6099 : F84;
    6100 : F84;
    6101 : F84;
    6102 : F84;
    6103 : F84;
    6104 : F84;
    6105 : F84;
    6106 : F84;
    6107 : F84;
    6108 : F84;
    6109 : F84;
    6110 : F84;
    6111 : F84;
    6112 : F84;
    6113 : F84;
    6114 : F84;
    6115 : FA5;
    6116 : F84;
    6117 : FA4;
    6118 : FA4;
    6119 : FA4;
    6120 : FA4;
    6121 : FA4;
    6122 : FB5;
    6123 : FB5;
    6124 : F84;
    6125 : F84;
    6126 : F84;
    6127 : F84;
    6128 : F84;
    6129 : F84;
    6130 : F84;
    6131 : F84;
    6132 : F84;
    6133 : F84;
    6134 : F84;
    6135 : F84;
    6136 : F84;
    6137 : F84;
    6138 : F84;
    6139 : F84;
    6140 : F84;
    6141 : F84;
    6142 : F84;
    6143 : F84;
    6144 : F84;
    6145 : F84;
    6146 : F84;
    6147 : F84;
    6148 : F84;
    6149 : F84;
    6150 : F84;
    6151 : F84;
    6152 : F84;
    6153 : F84;
    6154 : F84;
    6155 : F84;
    6156 : F84;
    6157 : F84;
    6158 : F84;
    6159 : F84;
    6160 : F84;
    6161 : F84;
    6162 : F84;
    6163 : F84;
    6164 : F84;
    6165 : F84;
    6166 : F84;
    6167 : F84;
    6168 : F84;
    6169 : F84;
    6170 : F84;
    6171 : F84;
    6172 : F84;
    6173 : F84;
    6174 : F84;
    6175 : F84;
    6176 : F84;
    6177 : F84;
    6178 : F84;
    6179 : F84;
    6180 : F84;
    6181 : F84;
    6182 : F84;
    6183 : F84;
    6184 : F84;
    6185 : F84;
    6186 : F84;
    6187 : F84;
    6188 : F84;
    6189 : F84;
    6190 : F84;
    6191 : F84;
    6192 : F84;
    6193 : F84;
    6194 : F84;
    6195 : F84;
    6196 : F84;
    6197 : F84;
    6198 : F84;
    6199 : F84;
    6200 : F84;
    6201 : F84;
    6202 : F84;
    6203 : F84;
    6204 : F84;
    6205 : F84;
    6206 : F84;
    6207 : F84;
    6208 : F84;
    6209 : F84;
    6210 : F84;
    6211 : F84;
    6212 : F84;
    6213 : F84;
    6214 : F84;
    6215 : F84;
    6216 : F84;
    6217 : F84;
    6218 : F84;
    6219 : F84;
    6220 : F84;
    6221 : F84;
    6222 : F84;
    6223 : F84;
    6224 : F84;
    6225 : F84;
    6226 : F84;
    6227 : F84;
    6228 : F84;
    6229 : F84;
    6230 : F84;
    6231 : F84;
    6232 : F84;
    6233 : F84;
    6234 : F84;
    6235 : F84;
    6236 : F84;
    6237 : F84;
    6238 : F84;
    6239 : F84;
    6240 : F84;
    6241 : F84;
    6242 : F84;
    6243 : F84;
    6244 : F84;
    6245 : F84;
    6246 : F84;
    6247 : F84;
    6248 : F84;
    6249 : F84;
    6250 : F84;
    6251 : F84;
    6252 : F84;
    6253 : F84;
    6254 : F84;
    6255 : F84;
    6256 : F84;
    6257 : F84;
    6258 : F84;
    6259 : F84;
    6260 : F84;
    6261 : F84;
    6262 : F84;
    6263 : F84;
    6264 : F84;
    6265 : F84;
    6266 : F84;
    6267 : F84;
    6268 : F84;
    6269 : F84;
    6270 : F84;
    6271 : F84;
    6272 : F84;
    6273 : F84;
    6274 : FB5;
    6275 : FA4;
    6276 : FB5;
    6277 : FA4;
    6278 : F94;
    6279 : FA4;
    6280 : FA4;
    6281 : FA4;
    6282 : FB5;
    6283 : FA5;
    6284 : FB5;
    6285 : F94;
    6286 : FB5;
    6287 : F84;
    6288 : F84;
    6289 : F84;
    6290 : F84;
    6291 : F84;
    6292 : F84;
    6293 : F84;
    6294 : F84;
    6295 : F84;
    6296 : F84;
    6297 : F84;
    6298 : F84;
    6299 : F84;
    6300 : F84;
    6301 : F84;
    6302 : F84;
    6303 : F84;
    6304 : F84;
    6305 : F84;
    6306 : F84;
    6307 : F84;
    6308 : F84;
    6309 : F84;
    6310 : F84;
    6311 : F84;
    6312 : F84;
    6313 : F84;
    6314 : F84;
    6315 : F84;
    6316 : F84;
    6317 : F84;
    6318 : F84;
    6319 : F84;
    6320 : F84;
    6321 : F84;
    6322 : F84;
    6323 : F84;
    6324 : F84;
    6325 : F84;
    6326 : F84;
    6327 : F84;
    6328 : F84;
    6329 : F84;
    6330 : F84;
    6331 : F84;
    6332 : F84;
    6333 : F84;
    6334 : F84;
    6335 : F84;
    6336 : F84;
    6337 : F84;
    6338 : F84;
    6339 : F84;
    6340 : F84;
    6341 : F84;
    6342 : F84;
    6343 : F84;
    6344 : F84;
    6345 : F84;
    6346 : F84;
    6347 : F84;
    6348 : F84;
    6349 : F84;
    6350 : F84;
    6351 : F84;
    6352 : F84;
    6353 : F84;
    6354 : F84;
    6355 : F84;
    6356 : F84;
    6357 : F84;
    6358 : F84;
    6359 : F84;
    6360 : F84;
    6361 : F84;
    6362 : F84;
    6363 : F84;
    6364 : F84;
    6365 : F84;
    6366 : F84;
    6367 : F84;
    6368 : F84;
    6369 : F84;
    6370 : F84;
    6371 : F84;
    6372 : F84;
    6373 : F84;
    6374 : F84;
    6375 : F84;
    6376 : F84;
    6377 : F84;
    6378 : F84;
    6379 : F84;
    6380 : F84;
    6381 : F84;
    6382 : F84;
    6383 : F84;
    6384 : F84;
    6385 : F84;
    6386 : F84;
    6387 : F84;
    6388 : F84;
    6389 : F84;
    6390 : F84;
    6391 : F84;
    6392 : F84;
    6393 : F84;
    6394 : F84;
    6395 : F84;
    6396 : F84;
    6397 : F84;
    6398 : F84;
    6399 : F84;
    6400 : F84;
    6401 : F84;
    6402 : F84;
    6403 : F84;
    6404 : F84;
    6405 : F84;
    6406 : F84;
    6407 : F84;
    6408 : F84;
    6409 : F84;
    6410 : F84;
    6411 : F84;
    6412 : F84;
    6413 : F84;
    6414 : F84;
    6415 : F84;
    6416 : F84;
    6417 : F84;
    6418 : F84;
    6419 : F84;
    6420 : F84;
    6421 : F84;
    6422 : F84;
    6423 : F84;
    6424 : F84;
    6425 : F84;
    6426 : F84;
    6427 : F84;
    6428 : F84;
    6429 : F84;
    6430 : F84;
    6431 : F84;
    6432 : F84;
    6433 : F84;
    6434 : F94;
    6435 : FA5;
    6436 : F84;
    6437 : F94;
    6438 : F94;
    6439 : F94;
    6440 : FA4;
    6441 : F94;
    6442 : F94;
    6443 : F94;
    6444 : F84;
    6445 : F84;
    6446 : F84;
    6447 : F84;
    6448 : F84;
    6449 : F84;
    6450 : F84;
    6451 : F84;
    6452 : F84;
    6453 : F84;
    6454 : F84;
    6455 : F84;
    6456 : F84;
    6457 : F84;
    6458 : F84;
    6459 : F84;
    6460 : F84;
    6461 : F84;
    6462 : F84;
    6463 : F84;
    6464 : F84;
    6465 : F84;
    6466 : F84;
    6467 : F84;
    6468 : F84;
    6469 : F84;
    6470 : F84;
    6471 : F84;
    6472 : F84;
    6473 : F84;
    6474 : F84;
    6475 : F84;
    6476 : F84;
    6477 : F84;
    6478 : F84;
    6479 : F84;
    6480 : F84;
    6481 : F84;
    6482 : F84;
    6483 : F84;
    6484 : F84;
    6485 : F84;
    6486 : F84;
    6487 : F84;
    6488 : F84;
    6489 : F84;
    6490 : F84;
    6491 : F84;
    6492 : F84;
    6493 : F84;
    6494 : F84;
    6495 : F84;
    6496 : F84;
    6497 : F84;
    6498 : F84;
    6499 : F84;
    6500 : F84;
    6501 : F84;
    6502 : F84;
    6503 : F84;
    6504 : F84;
    6505 : F84;
    6506 : F84;
    6507 : F84;
    6508 : F84;
    6509 : F84;
    6510 : F84;
    6511 : F84;
    6512 : F84;
    6513 : F84;
    6514 : F84;
    6515 : F84;
    6516 : F84;
    6517 : F84;
    6518 : F84;
    6519 : F84;
    6520 : F84;
    6521 : F84;
    6522 : F84;
    6523 : F84;
    6524 : F84;
    6525 : F84;
    6526 : F84;
    6527 : F84;
    6528 : F84;
    6529 : F84;
    6530 : F84;
    6531 : F84;
    6532 : F84;
    6533 : F84;
    6534 : F84;
    6535 : F84;
    6536 : F84;
    6537 : F84;
    6538 : F84;
    6539 : F84;
    6540 : F84;
    6541 : F84;
    6542 : F84;
    6543 : F84;
    6544 : F84;
    6545 : F84;
    6546 : F84;
    6547 : F84;
    6548 : F84;
    6549 : F84;
    6550 : F84;
    6551 : F84;
    6552 : F84;
    6553 : F84;
    6554 : F84;
    6555 : F84;
    6556 : F84;
    6557 : F84;
    6558 : F84;
    6559 : F84;
    6560 : F84;
    6561 : F84;
    6562 : F84;
    6563 : F84;
    6564 : F84;
    6565 : F84;
    6566 : F84;
    6567 : F84;
    6568 : F84;
    6569 : F84;
    6570 : F84;
    6571 : F84;
    6572 : F84;
    6573 : F84;
    6574 : F84;
    6575 : F84;
    6576 : F84;
    6577 : F84;
    6578 : F84;
    6579 : F84;
    6580 : F84;
    6581 : F84;
    6582 : F84;
    6583 : F84;
    6584 : F84;
    6585 : F84;
    6586 : F84;
    6587 : F84;
    6588 : F84;
    6589 : F84;
    6590 : F84;
    6591 : F84;
    6592 : F84;
    6593 : F84;
    6594 : F84;
    6595 : F84;
    6596 : F84;
    6597 : F84;
    6598 : F84;
    6599 : F84;
    6600 : F84;
    6601 : F84;
    6602 : F84;
    6603 : F84;
    6604 : F84;
    6605 : F84;
    6606 : F84;
    6607 : F84;
    6608 : F84;
    6609 : F84;
    6610 : F84;
    6611 : F84;
    6612 : F84;
    6613 : F84;
    6614 : F84;
    6615 : F84;
    6616 : F84;
    6617 : F84;
    6618 : F84;
    6619 : F84;
    6620 : F84;
    6621 : F84;
    6622 : F84;
    6623 : F84;
    6624 : F84;
    6625 : F84;
    6626 : F84;
    6627 : F84;
    6628 : F84;
    6629 : F84;
    6630 : F84;
    6631 : F84;
    6632 : F84;
    6633 : F84;
    6634 : F84;
    6635 : F84;
    6636 : F84;
    6637 : F84;
    6638 : F84;
    6639 : F84;
    6640 : F84;
    6641 : F84;
    6642 : F84;
    6643 : F84;
    6644 : F84;
    6645 : F84;
    6646 : F84;
    6647 : F84;
    6648 : F84;
    6649 : F84;
    6650 : F84;
    6651 : F84;
    6652 : F84;
    6653 : F84;
    6654 : F84;
    6655 : F84;
    6656 : F84;
    6657 : F84;
    6658 : F84;
    6659 : F84;
    6660 : F84;
    6661 : F84;
    6662 : F84;
    6663 : F84;
    6664 : F84;
    6665 : F84;
    6666 : F84;
    6667 : F84;
    6668 : F84;
    6669 : F84;
    6670 : F84;
    6671 : F84;
    6672 : F84;
    6673 : F84;
    6674 : F84;
    6675 : F84;
    6676 : F84;
    6677 : F84;
    6678 : F84;
    6679 : F84;
    6680 : F84;
    6681 : F84;
    6682 : F84;
    6683 : F84;
    6684 : F84;
    6685 : F84;
    6686 : F84;
    6687 : F84;
    6688 : F84;
    6689 : F84;
    6690 : F84;
    6691 : F84;
    6692 : F84;
    6693 : F84;
    6694 : F84;
    6695 : F84;
    6696 : F84;
    6697 : F84;
    6698 : F84;
    6699 : F84;
    6700 : F84;
    6701 : F84;
    6702 : F84;
    6703 : F84;
    6704 : F84;
    6705 : F84;
    6706 : F84;
    6707 : F84;
    6708 : F84;
    6709 : F84;
    6710 : F84;
    6711 : F84;
    6712 : F84;
    6713 : F84;
    6714 : F84;
    6715 : F84;
    6716 : F84;
    6717 : F84;
    6718 : F84;
    6719 : F84;
    6720 : F84;
    6721 : F84;
    6722 : F84;
    6723 : F84;
    6724 : F84;
    6725 : F84;
    6726 : F84;
    6727 : F84;
    6728 : F84;
    6729 : F84;
    6730 : F84;
    6731 : F84;
    6732 : F84;
    6733 : F84;
    6734 : F84;
    6735 : F84;
    6736 : F84;
    6737 : F84;
    6738 : F84;
    6739 : F84;
    6740 : F84;
    6741 : F84;
    6742 : F84;
    6743 : F84;
    6744 : F84;
    6745 : F84;
    6746 : F84;
    6747 : F84;
    6748 : F84;
    6749 : F84;
    6750 : F84;
    6751 : F84;
    6752 : F84;
    6753 : F84;
    6754 : F84;
    6755 : F84;
    6756 : F84;
    6757 : F84;
    6758 : F84;
    6759 : F84;
    6760 : F84;
    6761 : F84;
    6762 : F84;
    6763 : F84;
    6764 : F84;
    6765 : F84;
    6766 : F84;
    6767 : F84;
    6768 : F84;
    6769 : F84;
    6770 : F84;
    6771 : F84;
    6772 : F84;
    6773 : F84;
    6774 : F84;
    6775 : F84;
    6776 : F84;
    6777 : F84;
    6778 : F84;
    6779 : F84;
    6780 : F84;
    6781 : F84;
    6782 : F84;
    6783 : F84;
    6784 : F84;
    6785 : F84;
    6786 : F84;
    6787 : F84;
    6788 : F84;
    6789 : F84;
    6790 : F84;
    6791 : F84;
    6792 : F84;
    6793 : F84;
    6794 : F84;
    6795 : F84;
    6796 : F84;
    6797 : F84;
    6798 : F84;
    6799 : F84;
    6800 : F84;
    6801 : F84;
    6802 : F84;
    6803 : F84;
    6804 : F84;
    6805 : F84;
    6806 : F84;
    6807 : F84;
    6808 : F84;
    6809 : F84;
    6810 : F84;
    6811 : F84;
    6812 : F84;
    6813 : F84;
    6814 : F84;
    6815 : F84;
    6816 : F84;
    6817 : F84;
    6818 : F84;
    6819 : F84;
    6820 : F84;
    6821 : F84;
    6822 : F84;
    6823 : F84;
    6824 : F84;
    6825 : F84;
    6826 : F84;
    6827 : F84;
    6828 : F84;
    6829 : F84;
    6830 : F84;
    6831 : F84;
    6832 : F84;
    6833 : F84;
    6834 : F84;
    6835 : F84;
    6836 : F84;
    6837 : F84;
    6838 : F84;
    6839 : F84;
    6840 : F84;
    6841 : F84;
    6842 : F84;
    6843 : F84;
    6844 : F84;
    6845 : F84;
    6846 : F84;
    6847 : F84;
    6848 : F84;
    6849 : F84;
    6850 : F84;
    6851 : F84;
    6852 : F84;
    6853 : F84;
    6854 : F84;
    6855 : F84;
    6856 : F84;
    6857 : F84;
    6858 : F84;
    6859 : F84;
    6860 : F84;
    6861 : F84;
    6862 : F84;
    6863 : F84;
    6864 : F84;
    6865 : F84;
    6866 : F84;
    6867 : F84;
    6868 : F84;
    6869 : F84;
    6870 : F84;
    6871 : F84;
    6872 : F84;
    6873 : F84;
    6874 : F84;
    6875 : F84;
    6876 : F84;
    6877 : F84;
    6878 : F84;
    6879 : F84;
    6880 : F84;
    6881 : F84;
    6882 : F84;
    6883 : F84;
    6884 : F84;
    6885 : F84;
    6886 : 834;
    6887 : C44;
    6888 : D75;
    6889 : F84;
    6890 : F84;
    6891 : F84;
    6892 : F84;
    6893 : F84;
    6894 : F84;
    6895 : F84;
    6896 : F84;
    6897 : F84;
    6898 : F84;
    6899 : F84;
    6900 : F84;
    6901 : F84;
    6902 : F84;
    6903 : F84;
    6904 : F84;
    6905 : F84;
    6906 : F84;
    6907 : F84;
    6908 : F84;
    6909 : F84;
    6910 : F84;
    6911 : F84;
    6912 : F84;
    6913 : F84;
    6914 : F84;
    6915 : F84;
    6916 : F84;
    6917 : F84;
    6918 : F84;
    6919 : F84;
    6920 : F84;
    6921 : F84;
    6922 : F84;
    6923 : F84;
    6924 : F84;
    6925 : F84;
    6926 : F84;
    6927 : F84;
    6928 : F84;
    6929 : F84;
    6930 : F84;
    6931 : F84;
    6932 : F84;
    6933 : F84;
    6934 : F84;
    6935 : F84;
    6936 : F84;
    6937 : F84;
    6938 : F84;
    6939 : F84;
    6940 : F84;
    6941 : F84;
    6942 : F84;
    6943 : F84;
    6944 : F84;
    6945 : F84;
    6946 : F84;
    6947 : F84;
    6948 : F84;
    6949 : F84;
    6950 : F84;
    6951 : F84;
    6952 : F84;
    6953 : F84;
    6954 : F84;
    6955 : F84;
    6956 : F84;
    6957 : F84;
    6958 : F84;
    6959 : F84;
    6960 : F84;
    6961 : F84;
    6962 : F84;
    6963 : F84;
    6964 : F84;
    6965 : F84;
    6966 : F84;
    6967 : F84;
    6968 : F84;
    6969 : F84;
    6970 : F84;
    6971 : F84;
    6972 : F84;
    6973 : F84;
    6974 : F84;
    6975 : F84;
    6976 : F84;
    6977 : F84;
    6978 : F84;
    6979 : F84;
    6980 : F84;
    6981 : F84;
    6982 : F84;
    6983 : F84;
    6984 : F84;
    6985 : F84;
    6986 : F84;
    6987 : F84;
    6988 : F84;
    6989 : F84;
    6990 : F84;
    6991 : F84;
    6992 : F84;
    6993 : F84;
    6994 : F84;
    6995 : F84;
    6996 : F84;
    6997 : F84;
    6998 : F84;
    6999 : F84;
    7000 : F84;
    7001 : F84;
    7002 : F84;
    7003 : F84;
    7004 : F84;
    7005 : F84;
    7006 : F84;
    7007 : F84;
    7008 : F84;
    7009 : F84;
    7010 : F84;
    7011 : F84;
    7012 : F84;
    7013 : F84;
    7014 : F84;
    7015 : F84;
    7016 : F84;
    7017 : F84;
    7018 : F84;
    7019 : F84;
    7020 : F84;
    7021 : F84;
    7022 : F84;
    7023 : F84;
    7024 : F84;
    7025 : F84;
    7026 : F84;
    7027 : F84;
    7028 : F84;
    7029 : F84;
    7030 : F84;
    7031 : F84;
    7032 : F84;
    7033 : F84;
    7034 : F84;
    7035 : F84;
    7036 : F84;
    7037 : F84;
    7038 : F84;
    7039 : F84;
    7040 : F84;
    7041 : F84;
    7042 : F84;
    7043 : F84;
    7044 : F84;
    7045 : F84;
    7046 : 314;
    7047 : 424;
    7048 : 423;
    7049 : F84;
    7050 : F84;
    7051 : F84;
    7052 : F84;
    7053 : F84;
    7054 : F84;
    7055 : F84;
    7056 : F84;
    7057 : F84;
    7058 : F84;
    7059 : F84;
    7060 : F84;
    7061 : F84;
    7062 : F84;
    7063 : F84;
    7064 : F84;
    7065 : F84;
    7066 : F84;
    7067 : F84;
    7068 : F84;
    7069 : F84;
    7070 : F84;
    7071 : F84;
    7072 : F84;
    7073 : F84;
    7074 : F84;
    7075 : F84;
    7076 : F84;
    7077 : F84;
    7078 : F84;
    7079 : F84;
    7080 : F84;
    7081 : F84;
    7082 : F84;
    7083 : F84;
    7084 : F84;
    7085 : F84;
    7086 : F84;
    7087 : F84;
    7088 : F84;
    7089 : F84;
    7090 : F84;
    7091 : F84;
    7092 : F84;
    7093 : F84;
    7094 : F84;
    7095 : F84;
    7096 : F84;
    7097 : F84;
    7098 : F84;
    7099 : F84;
    7100 : F84;
    7101 : F84;
    7102 : F84;
    7103 : F84;
    7104 : F84;
    7105 : F84;
    7106 : F84;
    7107 : F84;
    7108 : F84;
    7109 : F84;
    7110 : F84;
    7111 : F84;
    7112 : F84;
    7113 : F84;
    7114 : F84;
    7115 : F84;
    7116 : F84;
    7117 : F84;
    7118 : F84;
    7119 : F84;
    7120 : F84;
    7121 : F84;
    7122 : F84;
    7123 : F84;
    7124 : F84;
    7125 : F84;
    7126 : F84;
    7127 : F84;
    7128 : F84;
    7129 : F84;
    7130 : F84;
    7131 : F84;
    7132 : F84;
    7133 : F84;
    7134 : F84;
    7135 : F84;
    7136 : F84;
    7137 : F84;
    7138 : F84;
    7139 : F84;
    7140 : F84;
    7141 : F84;
    7142 : F84;
    7143 : F84;
    7144 : F84;
    7145 : F84;
    7146 : F84;
    7147 : F84;
    7148 : F84;
    7149 : F84;
    7150 : F84;
    7151 : F84;
    7152 : F84;
    7153 : F84;
    7154 : F84;
    7155 : F84;
    7156 : F84;
    7157 : F84;
    7158 : F84;
    7159 : F84;
    7160 : F84;
    7161 : F84;
    7162 : F84;
    7163 : F84;
    7164 : F84;
    7165 : F84;
    7166 : F84;
    7167 : F84;
    7168 : F84;
    7169 : F84;
    7170 : F84;
    7171 : F84;
    7172 : F84;
    7173 : F84;
    7174 : F84;
    7175 : F84;
    7176 : F84;
    7177 : F84;
    7178 : F84;
    7179 : F84;
    7180 : F84;
    7181 : F84;
    7182 : F84;
    7183 : F84;
    7184 : F84;
    7185 : F84;
    7186 : F84;
    7187 : F84;
    7188 : F84;
    7189 : F84;
    7190 : F84;
    7191 : F84;
    7192 : F84;
    7193 : F84;
    7194 : F84;
    7195 : F84;
    7196 : F84;
    7197 : F84;
    7198 : F84;
    7199 : F84;
    7200 : F84;
    7201 : F84;
    7202 : F84;
    7203 : F84;
    7204 : F84;
    7205 : F84;
    7206 : 213;
    7207 : 834;
    7208 : B74;
    7209 : F84;
    7210 : F84;
    7211 : F84;
    7212 : F84;
    7213 : F84;
    7214 : F84;
    7215 : F84;
    7216 : F84;
    7217 : F84;
    7218 : F84;
    7219 : F84;
    7220 : F84;
    7221 : F84;
    7222 : F84;
    7223 : F84;
    7224 : F84;
    7225 : F84;
    7226 : F84;
    7227 : F84;
    7228 : F84;
    7229 : F84;
    7230 : F84;
    7231 : F84;
    7232 : F84;
    7233 : F84;
    7234 : F84;
    7235 : F84;
    7236 : F84;
    7237 : F84;
    7238 : F84;
    7239 : F84;
    7240 : F84;
    7241 : F84;
    7242 : F84;
    7243 : F84;
    7244 : F84;
    7245 : F84;
    7246 : F84;
    7247 : F84;
    7248 : F84;
    7249 : F84;
    7250 : F84;
    7251 : F84;
    7252 : F84;
    7253 : F84;
    7254 : F84;
    7255 : F84;
    7256 : F84;
    7257 : F84;
    7258 : F84;
    7259 : F84;
    7260 : F84;
    7261 : F84;
    7262 : F84;
    7263 : F84;
    7264 : F84;
    7265 : F84;
    7266 : F84;
    7267 : F84;
    7268 : F84;
    7269 : F84;
    7270 : F84;
    7271 : F84;
    7272 : F84;
    7273 : F84;
    7274 : F84;
    7275 : F84;
    7276 : F84;
    7277 : F84;
    7278 : F84;
    7279 : F84;
    7280 : F84;
    7281 : F84;
    7282 : F84;
    7283 : F84;
    7284 : F84;
    7285 : F84;
    7286 : F84;
    7287 : F84;
    7288 : F84;
    7289 : F84;
    7290 : F84;
    7291 : F84;
    7292 : F84;
    7293 : F84;
    7294 : F84;
    7295 : F84;
    7296 : F84;
    7297 : F84;
    7298 : F84;
    7299 : F84;
    7300 : F84;
    7301 : F84;
    7302 : F84;
    7303 : F84;
    7304 : F84;
    7305 : F84;
    7306 : F84;
    7307 : F84;
    7308 : F84;
    7309 : F84;
    7310 : F84;
    7311 : F84;
    7312 : F84;
    7313 : F84;
    7314 : F84;
    7315 : F84;
    7316 : F84;
    7317 : F84;
    7318 : F84;
    7319 : F84;
    7320 : F84;
    7321 : F84;
    7322 : F84;
    7323 : F84;
    7324 : F84;
    7325 : F84;
    7326 : F84;
    7327 : F84;
    7328 : F84;
    7329 : F84;
    7330 : F84;
    7331 : F84;
    7332 : F84;
    7333 : F84;
    7334 : F84;
    7335 : F84;
    7336 : F84;
    7337 : F84;
    7338 : F84;
    7339 : F84;
    7340 : F84;
    7341 : F84;
    7342 : F84;
    7343 : F84;
    7344 : F84;
    7345 : F84;
    7346 : F84;
    7347 : F84;
    7348 : F84;
    7349 : F84;
    7350 : F84;
    7351 : F84;
    7352 : 644;
    7353 : 222;
    7354 : 323;
    7355 : F84;
    7356 : F84;
    7357 : F84;
    7358 : F84;
    7359 : F84;
    7360 : F84;
    7361 : F84;
    7362 : F84;
    7363 : F84;
    7364 : F84;
    7365 : F84;
    7366 : 113;
    7367 : 934;
    7368 : B74;
    7369 : F84;
    7370 : F84;
    7371 : F84;
    7372 : F84;
    7373 : F84;
    7374 : F84;
    7375 : F84;
    7376 : F84;
    7377 : F84;
    7378 : F84;
    7379 : F84;
    7380 : F84;
    7381 : F84;
    7382 : F84;
    7383 : F84;
    7384 : F84;
    7385 : F84;
    7386 : F84;
    7387 : F84;
    7388 : F84;
    7389 : F84;
    7390 : F84;
    7391 : F84;
    7392 : F84;
    7393 : F84;
    7394 : F84;
    7395 : F84;
    7396 : F84;
    7397 : F84;
    7398 : F84;
    7399 : F84;
    7400 : F84;
    7401 : F84;
    7402 : F84;
    7403 : F84;
    7404 : F84;
    7405 : F84;
    7406 : F84;
    7407 : F84;
    7408 : F84;
    7409 : F84;
    7410 : F84;
    7411 : F84;
    7412 : F84;
    7413 : F84;
    7414 : F84;
    7415 : F84;
    7416 : F84;
    7417 : F84;
    7418 : F84;
    7419 : F84;
    7420 : F84;
    7421 : F84;
    7422 : F84;
    7423 : F84;
    7424 : F84;
    7425 : F84;
    7426 : F84;
    7427 : F84;
    7428 : F84;
    7429 : F84;
    7430 : F84;
    7431 : F84;
    7432 : F84;
    7433 : F84;
    7434 : F84;
    7435 : F84;
    7436 : F84;
    7437 : F84;
    7438 : F84;
    7439 : F84;
    7440 : F84;
    7441 : F84;
    7442 : F84;
    7443 : F84;
    7444 : F84;
    7445 : F84;
    7446 : F84;
    7447 : F84;
    7448 : F84;
    7449 : F84;
    7450 : F84;
    7451 : F84;
    7452 : F84;
    7453 : F84;
    7454 : F84;
    7455 : F84;
    7456 : F84;
    7457 : F84;
    7458 : F84;
    7459 : F84;
    7460 : F84;
    7461 : F84;
    7462 : F84;
    7463 : F84;
    7464 : F84;
    7465 : F84;
    7466 : F84;
    7467 : F84;
    7468 : F84;
    7469 : F84;
    7470 : F84;
    7471 : F84;
    7472 : F84;
    7473 : F84;
    7474 : F84;
    7475 : F84;
    7476 : F84;
    7477 : F84;
    7478 : F84;
    7479 : F84;
    7480 : F84;
    7481 : F84;
    7482 : F84;
    7483 : F84;
    7484 : F84;
    7485 : F84;
    7486 : F84;
    7487 : F84;
    7488 : F84;
    7489 : F84;
    7490 : F84;
    7491 : F84;
    7492 : F84;
    7493 : F84;
    7494 : F84;
    7495 : F84;
    7496 : F84;
    7497 : F84;
    7498 : F84;
    7499 : F84;
    7500 : F84;
    7501 : F84;
    7502 : F84;
    7503 : F84;
    7504 : F84;
    7505 : F84;
    7506 : F84;
    7507 : F84;
    7508 : F84;
    7509 : F84;
    7510 : F84;
    7511 : F84;
    7512 : 223;
    7513 : 944;
    7514 : 735;
    7515 : F84;
    7516 : F84;
    7517 : F84;
    7518 : F84;
    7519 : F84;
    7520 : F84;
    7521 : F84;
    7522 : C75;
    7523 : F85;
    7524 : F84;
    7525 : F84;
    7526 : 113;
    7527 : 834;
    7528 : B75;
    7529 : F84;
    7530 : F84;
    7531 : F84;
    7532 : F84;
    7533 : F84;
    7534 : F84;
    7535 : F84;
    7536 : F84;
    7537 : F84;
    7538 : F84;
    7539 : F84;
    7540 : F84;
    7541 : F84;
    7542 : F84;
    7543 : F84;
    7544 : F84;
    7545 : F84;
    7546 : F84;
    7547 : F84;
    7548 : F84;
    7549 : F84;
    7550 : F84;
    7551 : F84;
    7552 : F84;
    7553 : F84;
    7554 : F84;
    7555 : F84;
    7556 : F84;
    7557 : F84;
    7558 : F84;
    7559 : F84;
    7560 : F84;
    7561 : F84;
    7562 : F84;
    7563 : F84;
    7564 : F84;
    7565 : F84;
    7566 : F84;
    7567 : F84;
    7568 : F84;
    7569 : F84;
    7570 : F84;
    7571 : F84;
    7572 : F84;
    7573 : F84;
    7574 : F84;
    7575 : F84;
    7576 : F84;
    7577 : F84;
    7578 : F84;
    7579 : F84;
    7580 : F84;
    7581 : F84;
    7582 : F84;
    7583 : F84;
    7584 : F84;
    7585 : F84;
    7586 : F84;
    7587 : F84;
    7588 : F84;
    7589 : F84;
    7590 : F84;
    7591 : F84;
    7592 : F84;
    7593 : F84;
    7594 : F84;
    7595 : F84;
    7596 : F84;
    7597 : F84;
    7598 : F84;
    7599 : F84;
    7600 : F84;
    7601 : F84;
    7602 : F84;
    7603 : F84;
    7604 : F84;
    7605 : F84;
    7606 : F84;
    7607 : F84;
    7608 : F84;
    7609 : F84;
    7610 : F84;
    7611 : F84;
    7612 : F84;
    7613 : F84;
    7614 : F84;
    7615 : F84;
    7616 : F84;
    7617 : F84;
    7618 : F84;
    7619 : F84;
    7620 : F84;
    7621 : F84;
    7622 : F84;
    7623 : F84;
    7624 : F84;
    7625 : F84;
    7626 : F84;
    7627 : F84;
    7628 : F84;
    7629 : F84;
    7630 : F84;
    7631 : F84;
    7632 : F84;
    7633 : F84;
    7634 : F84;
    7635 : F84;
    7636 : F84;
    7637 : F84;
    7638 : F84;
    7639 : F84;
    7640 : F84;
    7641 : F84;
    7642 : F84;
    7643 : F84;
    7644 : F84;
    7645 : F84;
    7646 : F84;
    7647 : F84;
    7648 : F84;
    7649 : F84;
    7650 : F84;
    7651 : F84;
    7652 : F84;
    7653 : F84;
    7654 : F84;
    7655 : F84;
    7656 : F84;
    7657 : F84;
    7658 : F84;
    7659 : F84;
    7660 : F84;
    7661 : F84;
    7662 : F84;
    7663 : F84;
    7664 : F84;
    7665 : F84;
    7666 : F84;
    7667 : F84;
    7668 : F84;
    7669 : F84;
    7670 : F84;
    7671 : F84;
    7672 : E84;
    7673 : B45;
    7674 : 323;
    7675 : F84;
    7676 : F84;
    7677 : F84;
    7678 : F84;
    7679 : F84;
    7680 : 624;
    7681 : 834;
    7682 : D65;
    7683 : C54;
    7684 : B54;
    7685 : F94;
    7686 : 113;
    7687 : 834;
    7688 : B75;
    7689 : F84;
    7690 : F84;
    7691 : F84;
    7692 : F84;
    7693 : F84;
    7694 : F84;
    7695 : F84;
    7696 : F84;
    7697 : F84;
    7698 : F84;
    7699 : F84;
    7700 : F84;
    7701 : F84;
    7702 : F84;
    7703 : F84;
    7704 : F84;
    7705 : F84;
    7706 : F84;
    7707 : F84;
    7708 : F84;
    7709 : F84;
    7710 : F84;
    7711 : F84;
    7712 : F84;
    7713 : F84;
    7714 : F84;
    7715 : F84;
    7716 : F84;
    7717 : F84;
    7718 : F84;
    7719 : F84;
    7720 : F84;
    7721 : F84;
    7722 : F84;
    7723 : F84;
    7724 : F84;
    7725 : F84;
    7726 : F84;
    7727 : F84;
    7728 : F84;
    7729 : F84;
    7730 : F84;
    7731 : F84;
    7732 : F84;
    7733 : F84;
    7734 : F84;
    7735 : F84;
    7736 : F84;
    7737 : F84;
    7738 : F84;
    7739 : F84;
    7740 : F84;
    7741 : F84;
    7742 : F84;
    7743 : F84;
    7744 : F84;
    7745 : F84;
    7746 : F84;
    7747 : F84;
    7748 : F84;
    7749 : F84;
    7750 : F84;
    7751 : F84;
    7752 : F84;
    7753 : F84;
    7754 : F84;
    7755 : F84;
    7756 : F84;
    7757 : F84;
    7758 : F84;
    7759 : F84;
    7760 : F84;
    7761 : F84;
    7762 : F84;
    7763 : F84;
    7764 : F84;
    7765 : F84;
    7766 : F84;
    7767 : F84;
    7768 : F84;
    7769 : F84;
    7770 : F84;
    7771 : F84;
    7772 : F84;
    7773 : F84;
    7774 : F84;
    7775 : F84;
    7776 : F84;
    7777 : F84;
    7778 : F84;
    7779 : F84;
    7780 : F84;
    7781 : F84;
    7782 : F84;
    7783 : F84;
    7784 : F84;
    7785 : F84;
    7786 : F84;
    7787 : F84;
    7788 : F84;
    7789 : F84;
    7790 : F84;
    7791 : F84;
    7792 : F84;
    7793 : F84;
    7794 : F84;
    7795 : F84;
    7796 : F84;
    7797 : F84;
    7798 : F84;
    7799 : F84;
    7800 : F84;
    7801 : F84;
    7802 : F84;
    7803 : F84;
    7804 : F84;
    7805 : F84;
    7806 : F84;
    7807 : F84;
    7808 : F84;
    7809 : F84;
    7810 : F84;
    7811 : F84;
    7812 : F84;
    7813 : F84;
    7814 : F84;
    7815 : F84;
    7816 : F84;
    7817 : F84;
    7818 : F84;
    7819 : F84;
    7820 : F84;
    7821 : F84;
    7822 : F84;
    7823 : F84;
    7824 : F84;
    7825 : F84;
    7826 : F84;
    7827 : F84;
    7828 : F84;
    7829 : F84;
    7830 : F84;
    7831 : F84;
    7832 : E84;
    7833 : C54;
    7834 : 323;
    7835 : F84;
    7836 : F84;
    7837 : F84;
    7838 : F84;
    7839 : F84;
    7840 : 524;
    7841 : 624;
    7842 : A44;
    7843 : B44;
    7844 : D75;
    7845 : F94;
    7846 : 223;
    7847 : 935;
    7848 : B64;
    7849 : F84;
    7850 : F84;
    7851 : F84;
    7852 : F84;
    7853 : F84;
    7854 : F84;
    7855 : F84;
    7856 : F84;
    7857 : F84;
    7858 : F84;
    7859 : F84;
    7860 : F84;
    7861 : F84;
    7862 : F84;
    7863 : F84;
    7864 : F84;
    7865 : F84;
    7866 : F84;
    7867 : F84;
    7868 : F84;
    7869 : F84;
    7870 : F84;
    7871 : F84;
    7872 : F84;
    7873 : F84;
    7874 : F84;
    7875 : F84;
    7876 : F84;
    7877 : F84;
    7878 : F84;
    7879 : F84;
    7880 : F84;
    7881 : F84;
    7882 : F84;
    7883 : F84;
    7884 : F84;
    7885 : F84;
    7886 : F84;
    7887 : F84;
    7888 : F84;
    7889 : F84;
    7890 : F84;
    7891 : F84;
    7892 : F84;
    7893 : F84;
    7894 : F84;
    7895 : F84;
    7896 : F84;
    7897 : F84;
    7898 : F84;
    7899 : F84;
    7900 : F84;
    7901 : F84;
    7902 : F84;
    7903 : F84;
    7904 : F84;
    7905 : F84;
    7906 : F84;
    7907 : F84;
    7908 : F84;
    7909 : F84;
    7910 : F84;
    7911 : F84;
    7912 : F84;
    7913 : F84;
    7914 : F84;
    7915 : F84;
    7916 : F84;
    7917 : F84;
    7918 : F84;
    7919 : F84;
    7920 : F84;
    7921 : F84;
    7922 : F84;
    7923 : F84;
    7924 : F84;
    7925 : F84;
    7926 : F84;
    7927 : F84;
    7928 : F84;
    7929 : F84;
    7930 : F84;
    7931 : F84;
    7932 : F84;
    7933 : F84;
    7934 : F84;
    7935 : F84;
    7936 : F84;
    7937 : F84;
    7938 : F84;
    7939 : F84;
    7940 : F84;
    7941 : F84;
    7942 : F84;
    7943 : F84;
    7944 : F84;
    7945 : F84;
    7946 : F84;
    7947 : F84;
    7948 : F84;
    7949 : F84;
    7950 : F84;
    7951 : F84;
    7952 : F84;
    7953 : F84;
    7954 : F84;
    7955 : F84;
    7956 : F84;
    7957 : F84;
    7958 : F84;
    7959 : F84;
    7960 : F84;
    7961 : F84;
    7962 : F84;
    7963 : F84;
    7964 : F84;
    7965 : F84;
    7966 : F84;
    7967 : F84;
    7968 : F84;
    7969 : F84;
    7970 : F84;
    7971 : F84;
    7972 : F84;
    7973 : F84;
    7974 : F84;
    7975 : F84;
    7976 : F84;
    7977 : F84;
    7978 : F84;
    7979 : F84;
    7980 : F84;
    7981 : F84;
    7982 : F84;
    7983 : F84;
    7984 : F84;
    7985 : F84;
    7986 : F84;
    7987 : F84;
    7988 : F84;
    7989 : F84;
    7990 : F84;
    7991 : F84;
    7992 : E84;
    7993 : C44;
    7994 : 423;
    7995 : F84;
    7996 : F84;
    7997 : F84;
    7998 : F84;
    7999 : F84;
    8000 : 524;
    8001 : 834;
    8002 : 944;
    8003 : B44;
    8004 : D75;
    8005 : F84;
    8006 : 835;
    8007 : A45;
    8008 : E75;
    8009 : F95;
    8010 : F84;
    8011 : F84;
    8012 : F84;
    8013 : F84;
    8014 : F84;
    8015 : F84;
    8016 : F84;
    8017 : F84;
    8018 : F84;
    8019 : F84;
    8020 : F84;
    8021 : F84;
    8022 : F84;
    8023 : F84;
    8024 : F84;
    8025 : F84;
    8026 : F84;
    8027 : F94;
    8028 : F84;
    8029 : F94;
    8030 : F84;
    8031 : F84;
    8032 : F84;
    8033 : F84;
    8034 : F84;
    8035 : F84;
    8036 : F84;
    8037 : F84;
    8038 : F84;
    8039 : F84;
    8040 : F84;
    8041 : F84;
    8042 : F84;
    8043 : F84;
    8044 : F84;
    8045 : F84;
    8046 : F84;
    8047 : F84;
    8048 : F84;
    8049 : F84;
    8050 : F84;
    8051 : F84;
    8052 : F84;
    8053 : F84;
    8054 : F84;
    8055 : F84;
    8056 : F84;
    8057 : F84;
    8058 : F84;
    8059 : F84;
    8060 : F84;
    8061 : F84;
    8062 : F84;
    8063 : F84;
    8064 : F84;
    8065 : F84;
    8066 : F84;
    8067 : F84;
    8068 : F84;
    8069 : F84;
    8070 : F84;
    8071 : F84;
    8072 : F84;
    8073 : F84;
    8074 : F84;
    8075 : F84;
    8076 : F84;
    8077 : F84;
    8078 : F84;
    8079 : F84;
    8080 : F84;
    8081 : F84;
    8082 : F84;
    8083 : F84;
    8084 : F84;
    8085 : F84;
    8086 : F84;
    8087 : F84;
    8088 : F84;
    8089 : F84;
    8090 : F84;
    8091 : F84;
    8092 : F84;
    8093 : F84;
    8094 : F84;
    8095 : F84;
    8096 : F84;
    8097 : F84;
    8098 : F84;
    8099 : F84;
    8100 : F84;
    8101 : F84;
    8102 : F84;
    8103 : F84;
    8104 : F84;
    8105 : F84;
    8106 : F84;
    8107 : F84;
    8108 : F84;
    8109 : F84;
    8110 : F84;
    8111 : F84;
    8112 : F84;
    8113 : F84;
    8114 : F84;
    8115 : F84;
    8116 : F84;
    8117 : F84;
    8118 : F84;
    8119 : F84;
    8120 : F84;
    8121 : F84;
    8122 : F84;
    8123 : F84;
    8124 : F84;
    8125 : F84;
    8126 : F84;
    8127 : F84;
    8128 : F94;
    8129 : F84;
    8130 : F84;
    8131 : F84;
    8132 : F84;
    8133 : F84;
    8134 : F84;
    8135 : F84;
    8136 : F84;
    8137 : F84;
    8138 : F84;
    8139 : F84;
    8140 : F94;
    8141 : F84;
    8142 : F84;
    8143 : F84;
    8144 : F84;
    8145 : F84;
    8146 : F84;
    8147 : F84;
    8148 : F84;
    8149 : F84;
    8150 : F84;
    8151 : F84;
    8152 : E85;
    8153 : C55;
    8154 : 423;
    8155 : F84;
    8156 : E95;
    8157 : F84;
    8158 : D65;
    8159 : A34;
    8160 : 524;
    8161 : 724;
    8162 : 624;
    8163 : 624;
    8164 : 413;
    8165 : 623;
    8166 : 724;
    8167 : 824;
    8168 : 934;
    8169 : 933;
    8170 : A64;
    8171 : F84;
    8172 : F84;
    8173 : F84;
    8174 : F84;
    8175 : F84;
    8176 : F94;
    8177 : F94;
    8178 : F84;
    8179 : F84;
    8180 : F84;
    8181 : F94;
    8182 : F94;
    8183 : F84;
    8184 : F84;
    8185 : F84;
    8186 : F84;
    8187 : F84;
    8188 : F84;
    8189 : F84;
    8190 : F84;
    8191 : F84;
    8192 : F94;
    8193 : F94;
    8194 : F84;
    8195 : F84;
    8196 : F94;
    8197 : F84;
    8198 : F84;
    8199 : F84;
    8200 : F84;
    8201 : F84;
    8202 : F84;
    8203 : F84;
    8204 : F84;
    8205 : F84;
    8206 : F84;
    8207 : F84;
    8208 : F84;
    8209 : F84;
    8210 : F84;
    8211 : F84;
    8212 : F84;
    8213 : F84;
    8214 : F84;
    8215 : F84;
    8216 : F84;
    8217 : F84;
    8218 : F84;
    8219 : F84;
    8220 : F84;
    8221 : F84;
    8222 : F84;
    8223 : F84;
    8224 : F84;
    8225 : F84;
    8226 : F84;
    8227 : F84;
    8228 : F84;
    8229 : F84;
    8230 : F84;
    8231 : F84;
    8232 : F84;
    8233 : F84;
    8234 : F84;
    8235 : F84;
    8236 : F84;
    8237 : F84;
    8238 : F84;
    8239 : F84;
    8240 : F84;
    8241 : F84;
    8242 : F84;
    8243 : F84;
    8244 : F84;
    8245 : F84;
    8246 : F84;
    8247 : F84;
    8248 : F84;
    8249 : F84;
    8250 : F84;
    8251 : F84;
    8252 : F84;
    8253 : F84;
    8254 : F84;
    8255 : F84;
    8256 : F84;
    8257 : F84;
    8258 : F84;
    8259 : F84;
    8260 : F84;
    8261 : F84;
    8262 : F84;
    8263 : F84;
    8264 : F84;
    8265 : F84;
    8266 : F84;
    8267 : F84;
    8268 : F84;
    8269 : F84;
    8270 : F84;
    8271 : F84;
    8272 : F84;
    8273 : F84;
    8274 : F84;
    8275 : F84;
    8276 : F84;
    8277 : F84;
    8278 : F84;
    8279 : F84;
    8280 : F84;
    8281 : F84;
    8282 : F84;
    8283 : F84;
    8284 : F84;
    8285 : F84;
    8286 : F84;
    8287 : F84;
    8288 : F84;
    8289 : F84;
    8290 : F84;
    8291 : F84;
    8292 : F84;
    8293 : F84;
    8294 : F84;
    8295 : F84;
    8296 : F84;
    8297 : F84;
    8298 : F84;
    8299 : F84;
    8300 : F84;
    8301 : F84;
    8302 : F94;
    8303 : F84;
    8304 : F84;
    8305 : F94;
    8306 : F84;
    8307 : F84;
    8308 : F84;
    8309 : F84;
    8310 : F84;
    8311 : F84;
    8312 : E84;
    8313 : B44;
    8314 : 323;
    8315 : F83;
    8316 : 214;
    8317 : 524;
    8318 : 313;
    8319 : 313;
    8320 : 624;
    8321 : 924;
    8322 : 924;
    8323 : 924;
    8324 : 923;
    8325 : A24;
    8326 : B24;
    8327 : E54;
    8328 : B34;
    8329 : C34;
    8330 : 744;
    8331 : F94;
    8332 : F84;
    8333 : F94;
    8334 : F94;
    8335 : F94;
    8336 : F84;
    8337 : F84;
    8338 : F94;
    8339 : F84;
    8340 : F94;
    8341 : F94;
    8342 : F94;
    8343 : F94;
    8344 : F84;
    8345 : F84;
    8346 : F84;
    8347 : F84;
    8348 : F84;
    8349 : F84;
    8350 : F84;
    8351 : F84;
    8352 : F94;
    8353 : F84;
    8354 : F94;
    8355 : F84;
    8356 : F94;
    8357 : F84;
    8358 : F94;
    8359 : F84;
    8360 : F94;
    8361 : F84;
    8362 : F84;
    8363 : F84;
    8364 : F84;
    8365 : F84;
    8366 : F84;
    8367 : F84;
    8368 : F84;
    8369 : F84;
    8370 : F84;
    8371 : F84;
    8372 : F84;
    8373 : F84;
    8374 : F84;
    8375 : F84;
    8376 : F84;
    8377 : F84;
    8378 : F84;
    8379 : F84;
    8380 : F84;
    8381 : F84;
    8382 : F84;
    8383 : F84;
    8384 : F84;
    8385 : F84;
    8386 : F84;
    8387 : F84;
    8388 : F84;
    8389 : F84;
    8390 : F84;
    8391 : F84;
    8392 : F84;
    8393 : F84;
    8394 : F84;
    8395 : F84;
    8396 : F84;
    8397 : F84;
    8398 : F84;
    8399 : F84;
    8400 : F84;
    8401 : F84;
    8402 : F84;
    8403 : F84;
    8404 : F84;
    8405 : F84;
    8406 : F84;
    8407 : F84;
    8408 : F84;
    8409 : F84;
    8410 : F84;
    8411 : F84;
    8412 : F84;
    8413 : F84;
    8414 : F84;
    8415 : F84;
    8416 : F84;
    8417 : F84;
    8418 : F84;
    8419 : F84;
    8420 : F84;
    8421 : F84;
    8422 : F84;
    8423 : F84;
    8424 : F84;
    8425 : F84;
    8426 : F84;
    8427 : F84;
    8428 : F84;
    8429 : F84;
    8430 : F84;
    8431 : FB5;
    8432 : FB5;
    8433 : F94;
    8434 : F84;
    8435 : F84;
    8436 : F84;
    8437 : F84;
    8438 : F84;
    8439 : F84;
    8440 : F84;
    8441 : F84;
    8442 : F84;
    8443 : F84;
    8444 : F84;
    8445 : F84;
    8446 : F84;
    8447 : F84;
    8448 : F84;
    8449 : F84;
    8450 : F84;
    8451 : F84;
    8452 : F84;
    8453 : F84;
    8454 : F84;
    8455 : F84;
    8456 : F84;
    8457 : F84;
    8458 : F94;
    8459 : F84;
    8460 : F94;
    8461 : F84;
    8462 : F84;
    8463 : F84;
    8464 : F84;
    8465 : F94;
    8466 : F94;
    8467 : F84;
    8468 : F84;
    8469 : F84;
    8470 : F84;
    8471 : F94;
    8472 : 843;
    8473 : 834;
    8474 : 624;
    8475 : F95;
    8476 : 533;
    8477 : A44;
    8478 : 834;
    8479 : 624;
    8480 : 924;
    8481 : 824;
    8482 : 514;
    8483 : 924;
    8484 : A24;
    8485 : A24;
    8486 : B34;
    8487 : C34;
    8488 : C24;
    8489 : C34;
    8490 : F76;
    8491 : F94;
    8492 : F94;
    8493 : F94;
    8494 : F84;
    8495 : F94;
    8496 : F94;
    8497 : F94;
    8498 : F84;
    8499 : F94;
    8500 : F94;
    8501 : F94;
    8502 : F84;
    8503 : F84;
    8504 : F94;
    8505 : F84;
    8506 : F94;
    8507 : F94;
    8508 : F94;
    8509 : F94;
    8510 : F94;
    8511 : F94;
    8512 : F94;
    8513 : F94;
    8514 : F84;
    8515 : F84;
    8516 : F94;
    8517 : F84;
    8518 : F84;
    8519 : F84;
    8520 : F84;
    8521 : F84;
    8522 : F84;
    8523 : F94;
    8524 : F84;
    8525 : F84;
    8526 : F84;
    8527 : F84;
    8528 : F84;
    8529 : F84;
    8530 : F84;
    8531 : F84;
    8532 : F84;
    8533 : F84;
    8534 : F84;
    8535 : F84;
    8536 : F84;
    8537 : F84;
    8538 : F94;
    8539 : F84;
    8540 : F84;
    8541 : F84;
    8542 : F84;
    8543 : F84;
    8544 : F84;
    8545 : F84;
    8546 : F84;
    8547 : F84;
    8548 : F84;
    8549 : F84;
    8550 : F84;
    8551 : F84;
    8552 : F84;
    8553 : F84;
    8554 : F84;
    8555 : F84;
    8556 : F84;
    8557 : F84;
    8558 : F84;
    8559 : F84;
    8560 : F84;
    8561 : F84;
    8562 : F84;
    8563 : F84;
    8564 : F94;
    8565 : F84;
    8566 : F84;
    8567 : F84;
    8568 : F84;
    8569 : F84;
    8570 : F84;
    8571 : F84;
    8572 : F84;
    8573 : F84;
    8574 : F84;
    8575 : F84;
    8576 : F84;
    8577 : F84;
    8578 : F84;
    8579 : F84;
    8580 : F84;
    8581 : F84;
    8582 : F84;
    8583 : F84;
    8584 : F84;
    8585 : F84;
    8586 : F84;
    8587 : F84;
    8588 : F94;
    8589 : F94;
    8590 : FB5;
    8591 : FB5;
    8592 : FB5;
    8593 : FB5;
    8594 : F84;
    8595 : F84;
    8596 : F94;
    8597 : F84;
    8598 : F84;
    8599 : F84;
    8600 : F94;
    8601 : F84;
    8602 : F84;
    8603 : F84;
    8604 : F94;
    8605 : F94;
    8606 : F84;
    8607 : F84;
    8608 : F94;
    8609 : F84;
    8610 : F84;
    8611 : F94;
    8612 : F94;
    8613 : F84;
    8614 : F84;
    8615 : F94;
    8616 : F94;
    8617 : F84;
    8618 : F94;
    8619 : F84;
    8620 : F84;
    8621 : F84;
    8622 : F84;
    8623 : F84;
    8624 : F94;
    8625 : F84;
    8626 : F84;
    8627 : F94;
    8628 : F84;
    8629 : F94;
    8630 : C64;
    8631 : 843;
    8632 : 823;
    8633 : 723;
    8634 : 623;
    8635 : 523;
    8636 : 423;
    8637 : 523;
    8638 : 313;
    8639 : 424;
    8640 : 514;
    8641 : 513;
    8642 : 524;
    8643 : 624;
    8644 : 623;
    8645 : 724;
    8646 : 613;
    8647 : 613;
    8648 : 723;
    8649 : 823;
    8650 : 623;
    8651 : 744;
    8652 : F94;
    8653 : F94;
    8654 : F94;
    8655 : F94;
    8656 : F94;
    8657 : F94;
    8658 : F94;
    8659 : F94;
    8660 : F94;
    8661 : F94;
    8662 : F94;
    8663 : F94;
    8664 : F94;
    8665 : F94;
    8666 : F84;
    8667 : F94;
    8668 : F94;
    8669 : F94;
    8670 : F94;
    8671 : F94;
    8672 : F94;
    8673 : F84;
    8674 : F94;
    8675 : F94;
    8676 : F94;
    8677 : F84;
    8678 : F84;
    8679 : F84;
    8680 : F94;
    8681 : F84;
    8682 : F94;
    8683 : F94;
    8684 : F94;
    8685 : F84;
    8686 : F84;
    8687 : F84;
    8688 : F94;
    8689 : F94;
    8690 : F94;
    8691 : F94;
    8692 : F94;
    8693 : F84;
    8694 : F84;
    8695 : F84;
    8696 : F84;
    8697 : F94;
    8698 : F84;
    8699 : F84;
    8700 : F84;
    8701 : F84;
    8702 : F94;
    8703 : F94;
    8704 : F94;
    8705 : F84;
    8706 : F84;
    8707 : F94;
    8708 : F84;
    8709 : F94;
    8710 : F84;
    8711 : F94;
    8712 : F84;
    8713 : F84;
    8714 : F84;
    8715 : F84;
    8716 : F94;
    8717 : F84;
    8718 : F84;
    8719 : F84;
    8720 : F84;
    8721 : F84;
    8722 : F84;
    8723 : F84;
    8724 : F84;
    8725 : F84;
    8726 : F84;
    8727 : F84;
    8728 : F84;
    8729 : F94;
    8730 : F94;
    8731 : F84;
    8732 : F84;
    8733 : F84;
    8734 : F84;
    8735 : F84;
    8736 : F84;
    8737 : F84;
    8738 : F84;
    8739 : F84;
    8740 : F84;
    8741 : F94;
    8742 : F84;
    8743 : F84;
    8744 : F94;
    8745 : F84;
    8746 : F84;
    8747 : FA5;
    8748 : FB5;
    8749 : F83;
    8750 : FB5;
    8751 : FA4;
    8752 : FA4;
    8753 : F94;
    8754 : FB5;
    8755 : FB5;
    8756 : F94;
    8757 : F84;
    8758 : F84;
    8759 : F84;
    8760 : F94;
    8761 : F84;
    8762 : F84;
    8763 : F84;
    8764 : F84;
    8765 : F84;
    8766 : F84;
    8767 : F84;
    8768 : F84;
    8769 : F94;
    8770 : F84;
    8771 : F94;
    8772 : F84;
    8773 : F94;
    8774 : F94;
    8775 : F94;
    8776 : F84;
    8777 : F84;
    8778 : F94;
    8779 : F84;
    8780 : F84;
    8781 : F84;
    8782 : F84;
    8783 : F84;
    8784 : F94;
    8785 : F84;
    8786 : F94;
    8787 : F94;
    8788 : F94;
    8789 : F94;
    8790 : A65;
    8791 : C34;
    8792 : C34;
    8793 : C54;
    8794 : C34;
    8795 : C34;
    8796 : 723;
    8797 : 924;
    8798 : A24;
    8799 : 924;
    8800 : 724;
    8801 : 924;
    8802 : 924;
    8803 : 824;
    8804 : A24;
    8805 : B34;
    8806 : B34;
    8807 : B34;
    8808 : E54;
    8809 : B34;
    8810 : C34;
    8811 : 833;
    8812 : F94;
    8813 : F94;
    8814 : F94;
    8815 : F94;
    8816 : F94;
    8817 : F94;
    8818 : F94;
    8819 : F94;
    8820 : F94;
    8821 : F94;
    8822 : F94;
    8823 : F94;
    8824 : F84;
    8825 : F84;
    8826 : F94;
    8827 : F94;
    8828 : F94;
    8829 : F94;
    8830 : F94;
    8831 : F94;
    8832 : F94;
    8833 : F94;
    8834 : F94;
    8835 : F94;
    8836 : F94;
    8837 : F94;
    8838 : F94;
    8839 : F84;
    8840 : F84;
    8841 : F94;
    8842 : F94;
    8843 : F84;
    8844 : F84;
    8845 : F84;
    8846 : F94;
    8847 : F94;
    8848 : F94;
    8849 : F94;
    8850 : F94;
    8851 : F94;
    8852 : F84;
    8853 : F94;
    8854 : F94;
    8855 : F84;
    8856 : F94;
    8857 : F84;
    8858 : F84;
    8859 : F84;
    8860 : F84;
    8861 : F94;
    8862 : F84;
    8863 : F84;
    8864 : F84;
    8865 : F84;
    8866 : F94;
    8867 : F84;
    8868 : F84;
    8869 : F94;
    8870 : F94;
    8871 : F84;
    8872 : F84;
    8873 : F84;
    8874 : F94;
    8875 : F84;
    8876 : F84;
    8877 : F94;
    8878 : F94;
    8879 : F84;
    8880 : F94;
    8881 : F84;
    8882 : F84;
    8883 : F84;
    8884 : F84;
    8885 : F84;
    8886 : F84;
    8887 : F84;
    8888 : F84;
    8889 : F84;
    8890 : F94;
    8891 : F84;
    8892 : F84;
    8893 : F94;
    8894 : F84;
    8895 : F84;
    8896 : F84;
    8897 : F84;
    8898 : F94;
    8899 : F84;
    8900 : F84;
    8901 : F84;
    8902 : F84;
    8903 : F84;
    8904 : F84;
    8905 : F94;
    8906 : FA4;
    8907 : FB4;
    8908 : FA4;
    8909 : FA4;
    8910 : FA4;
    8911 : FA4;
    8912 : FA4;
    8913 : FA4;
    8914 : FA4;
    8915 : F94;
    8916 : FB5;
    8917 : FB5;
    8918 : FB4;
    8919 : F94;
    8920 : F84;
    8921 : F84;
    8922 : F94;
    8923 : F84;
    8924 : F84;
    8925 : F94;
    8926 : F94;
    8927 : F84;
    8928 : F84;
    8929 : F94;
    8930 : F94;
    8931 : F84;
    8932 : F84;
    8933 : F94;
    8934 : F94;
    8935 : F84;
    8936 : F94;
    8937 : F94;
    8938 : F94;
    8939 : F94;
    8940 : F94;
    8941 : F94;
    8942 : F84;
    8943 : F84;
    8944 : F94;
    8945 : F94;
    8946 : F94;
    8947 : F94;
    8948 : F94;
    8949 : F94;
    8950 : F75;
    8951 : C34;
    8952 : D34;
    8953 : B34;
    8954 : B34;
    8955 : C34;
    8956 : C34;
    8957 : A24;
    8958 : 824;
    8959 : 824;
    8960 : 924;
    8961 : A24;
    8962 : 924;
    8963 : 723;
    8964 : A24;
    8965 : A24;
    8966 : 824;
    8967 : B34;
    8968 : B34;
    8969 : 624;
    8970 : C34;
    8971 : C34;
    8972 : FA5;
    8973 : F94;
    8974 : F94;
    8975 : F94;
    8976 : F94;
    8977 : F94;
    8978 : F94;
    8979 : F94;
    8980 : F94;
    8981 : F94;
    8982 : F94;
    8983 : F94;
    8984 : F94;
    8985 : F84;
    8986 : F94;
    8987 : F94;
    8988 : F94;
    8989 : F94;
    8990 : F94;
    8991 : F94;
    8992 : F94;
    8993 : F94;
    8994 : F94;
    8995 : F94;
    8996 : F94;
    8997 : F94;
    8998 : F94;
    8999 : F84;
    9000 : F84;
    9001 : F94;
    9002 : F94;
    9003 : F84;
    9004 : F84;
    9005 : F84;
    9006 : F84;
    9007 : F84;
    9008 : F94;
    9009 : F94;
    9010 : F94;
    9011 : F94;
    9012 : F84;
    9013 : F84;
    9014 : F94;
    9015 : F84;
    9016 : F84;
    9017 : F84;
    9018 : F94;
    9019 : F84;
    9020 : F94;
    9021 : F94;
    9022 : F94;
    9023 : F94;
    9024 : F94;
    9025 : F84;
    9026 : F84;
    9027 : F84;
    9028 : F94;
    9029 : F94;
    9030 : F94;
    9031 : F94;
    9032 : F84;
    9033 : F94;
    9034 : F94;
    9035 : F84;
    9036 : F94;
    9037 : F84;
    9038 : F84;
    9039 : F94;
    9040 : F94;
    9041 : F84;
    9042 : F84;
    9043 : F84;
    9044 : F84;
    9045 : F94;
    9046 : F84;
    9047 : F84;
    9048 : F94;
    9049 : F94;
    9050 : F84;
    9051 : F84;
    9052 : F94;
    9053 : F94;
    9054 : F94;
    9055 : F84;
    9056 : F94;
    9057 : F84;
    9058 : F94;
    9059 : F84;
    9060 : F84;
    9061 : F84;
    9062 : F84;
    9063 : F84;
    9064 : F84;
    9065 : F84;
    9066 : F84;
    9067 : F94;
    9068 : F84;
    9069 : F94;
    9070 : F94;
    9071 : F94;
    9072 : F94;
    9073 : F84;
    9074 : F84;
    9075 : F84;
    9076 : F84;
    9077 : F84;
    9078 : F84;
    9079 : F84;
    9080 : F84;
    9081 : F84;
    9082 : F94;
    9083 : F94;
    9084 : F94;
    9085 : F84;
    9086 : F84;
    9087 : F94;
    9088 : F94;
    9089 : F94;
    9090 : F94;
    9091 : F84;
    9092 : F94;
    9093 : F84;
    9094 : F94;
    9095 : F94;
    9096 : F94;
    9097 : F94;
    9098 : F94;
    9099 : F94;
    9100 : F94;
    9101 : F84;
    9102 : F94;
    9103 : F94;
    9104 : F94;
    9105 : F94;
    9106 : F94;
    9107 : F94;
    9108 : F94;
    9109 : D74;
    9110 : 823;
    9111 : 923;
    9112 : 624;
    9113 : 823;
    9114 : 823;
    9115 : 724;
    9116 : 724;
    9117 : 724;
    9118 : 523;
    9119 : 624;
    9120 : 724;
    9121 : 724;
    9122 : 824;
    9123 : 924;
    9124 : 824;
    9125 : 724;
    9126 : 823;
    9127 : 924;
    9128 : A34;
    9129 : C44;
    9130 : A24;
    9131 : 924;
    9132 : 223;
    9133 : F94;
    9134 : F94;
    9135 : F94;
    9136 : F94;
    9137 : F94;
    9138 : F94;
    9139 : F94;
    9140 : F94;
    9141 : F84;
    9142 : F94;
    9143 : F94;
    9144 : F94;
    9145 : F94;
    9146 : F94;
    9147 : F94;
    9148 : F94;
    9149 : F94;
    9150 : F94;
    9151 : F94;
    9152 : F94;
    9153 : F94;
    9154 : F94;
    9155 : F94;
    9156 : F94;
    9157 : F94;
    9158 : F94;
    9159 : F94;
    9160 : F94;
    9161 : F94;
    9162 : F94;
    9163 : F94;
    9164 : F94;
    9165 : F84;
    9166 : F94;
    9167 : F84;
    9168 : F94;
    9169 : F94;
    9170 : F94;
    9171 : F94;
    9172 : F84;
    9173 : F94;
    9174 : F94;
    9175 : F94;
    9176 : F94;
    9177 : F84;
    9178 : F94;
    9179 : F84;
    9180 : F94;
    9181 : F94;
    9182 : F94;
    9183 : F94;
    9184 : F94;
    9185 : F84;
    9186 : F84;
    9187 : F94;
    9188 : F84;
    9189 : F84;
    9190 : F84;
    9191 : F94;
    9192 : F94;
    9193 : F84;
    9194 : F84;
    9195 : F84;
    9196 : F84;
    9197 : F84;
    9198 : F84;
    9199 : F84;
    9200 : F94;
    9201 : F84;
    9202 : F84;
    9203 : F84;
    9204 : F94;
    9205 : F94;
    9206 : F94;
    9207 : F84;
    9208 : F84;
    9209 : F84;
    9210 : F84;
    9211 : F84;
    9212 : F84;
    9213 : F94;
    9214 : F94;
    9215 : F84;
    9216 : F84;
    9217 : F84;
    9218 : F84;
    9219 : F84;
    9220 : F84;
    9221 : F84;
    9222 : F84;
    9223 : F84;
    9224 : F94;
    9225 : F84;
    9226 : F84;
    9227 : F84;
    9228 : F84;
    9229 : F94;
    9230 : F94;
    9231 : F84;
    9232 : F94;
    9233 : F84;
    9234 : F94;
    9235 : F84;
    9236 : F94;
    9237 : F84;
    9238 : F84;
    9239 : F84;
    9240 : F94;
    9241 : F94;
    9242 : F94;
    9243 : F84;
    9244 : F94;
    9245 : F84;
    9246 : F94;
    9247 : F94;
    9248 : F94;
    9249 : F94;
    9250 : F94;
    9251 : F94;
    9252 : F94;
    9253 : F94;
    9254 : F94;
    9255 : F94;
    9256 : F94;
    9257 : F94;
    9258 : F94;
    9259 : F94;
    9260 : F94;
    9261 : F94;
    9262 : F94;
    9263 : F94;
    9264 : F94;
    9265 : F94;
    9266 : F94;
    9267 : F94;
    9268 : F94;
    9269 : 633;
    9270 : C34;
    9271 : C33;
    9272 : C33;
    9273 : B34;
    9274 : C34;
    9275 : C34;
    9276 : C34;
    9277 : A24;
    9278 : 824;
    9279 : 824;
    9280 : 724;
    9281 : 924;
    9282 : 924;
    9283 : 924;
    9284 : 724;
    9285 : A24;
    9286 : A24;
    9287 : 824;
    9288 : B34;
    9289 : C34;
    9290 : B34;
    9291 : C34;
    9292 : C44;
    9293 : F94;
    9294 : F94;
    9295 : F94;
    9296 : F94;
    9297 : F94;
    9298 : F94;
    9299 : F94;
    9300 : F94;
    9301 : F94;
    9302 : F84;
    9303 : F94;
    9304 : F94;
    9305 : F94;
    9306 : F94;
    9307 : F94;
    9308 : F94;
    9309 : F84;
    9310 : F84;
    9311 : F94;
    9312 : F94;
    9313 : F94;
    9314 : F94;
    9315 : F94;
    9316 : F94;
    9317 : F94;
    9318 : F94;
    9319 : F94;
    9320 : F94;
    9321 : F94;
    9322 : F94;
    9323 : F94;
    9324 : F94;
    9325 : F94;
    9326 : F94;
    9327 : F84;
    9328 : F94;
    9329 : F94;
    9330 : F94;
    9331 : F94;
    9332 : F94;
    9333 : F94;
    9334 : F84;
    9335 : F94;
    9336 : F84;
    9337 : F84;
    9338 : F94;
    9339 : F94;
    9340 : F94;
    9341 : F94;
    9342 : F84;
    9343 : F94;
    9344 : F94;
    9345 : F94;
    9346 : F94;
    9347 : F84;
    9348 : F94;
    9349 : F94;
    9350 : F94;
    9351 : F94;
    9352 : F84;
    9353 : F94;
    9354 : F94;
    9355 : F84;
    9356 : F84;
    9357 : F84;
    9358 : F84;
    9359 : F84;
    9360 : F94;
    9361 : F94;
    9362 : F84;
    9363 : F94;
    9364 : F84;
    9365 : F84;
    9366 : F84;
    9367 : F84;
    9368 : F94;
    9369 : F84;
    9370 : F84;
    9371 : F94;
    9372 : F94;
    9373 : F84;
    9374 : F94;
    9375 : F84;
    9376 : F94;
    9377 : F94;
    9378 : F94;
    9379 : F94;
    9380 : F94;
    9381 : F84;
    9382 : F94;
    9383 : F94;
    9384 : F94;
    9385 : F94;
    9386 : F84;
    9387 : F94;
    9388 : F94;
    9389 : F84;
    9390 : F84;
    9391 : F94;
    9392 : F84;
    9393 : F94;
    9394 : F94;
    9395 : F94;
    9396 : F84;
    9397 : F84;
    9398 : F84;
    9399 : F94;
    9400 : F94;
    9401 : F94;
    9402 : F84;
    9403 : F94;
    9404 : F94;
    9405 : F84;
    9406 : F94;
    9407 : F94;
    9408 : F94;
    9409 : F94;
    9410 : F94;
    9411 : F94;
    9412 : F94;
    9413 : F94;
    9414 : F94;
    9415 : F94;
    9416 : F94;
    9417 : F94;
    9418 : F94;
    9419 : F94;
    9420 : F94;
    9421 : F94;
    9422 : F94;
    9423 : F94;
    9424 : F94;
    9425 : F94;
    9426 : F94;
    9427 : F94;
    9428 : D85;
    9429 : D44;
    9430 : C34;
    9431 : 824;
    9432 : C34;
    9433 : C34;
    9434 : 833;
    9435 : C34;
    9436 : 924;
    9437 : 624;
    9438 : 924;
    9439 : 924;
    9440 : 824;
    9441 : 824;
    9442 : 724;
    9443 : 924;
    9444 : B34;
    9445 : A34;
    9446 : A24;
    9447 : F65;
    9448 : B34;
    9449 : A34;
    9450 : B33;
    9451 : C34;
    9452 : C34;
    9453 : 212;
    9454 : F94;
    9455 : F94;
    9456 : F94;
    9457 : F94;
    9458 : F94;
    9459 : F94;
    9460 : F94;
    9461 : F94;
    9462 : F94;
    9463 : F94;
    9464 : F94;
    9465 : F94;
    9466 : F94;
    9467 : F94;
    9468 : F84;
    9469 : F84;
    9470 : F94;
    9471 : F94;
    9472 : F94;
    9473 : F94;
    9474 : F94;
    9475 : F94;
    9476 : F94;
    9477 : F94;
    9478 : F94;
    9479 : F94;
    9480 : F94;
    9481 : F84;
    9482 : F94;
    9483 : F94;
    9484 : F94;
    9485 : F94;
    9486 : F94;
    9487 : F94;
    9488 : F94;
    9489 : F94;
    9490 : F94;
    9491 : F94;
    9492 : F94;
    9493 : F94;
    9494 : F94;
    9495 : F94;
    9496 : F84;
    9497 : F84;
    9498 : F94;
    9499 : F94;
    9500 : F94;
    9501 : F94;
    9502 : F84;
    9503 : F94;
    9504 : F94;
    9505 : F94;
    9506 : F94;
    9507 : F94;
    9508 : F94;
    9509 : F94;
    9510 : F84;
    9511 : F84;
    9512 : F84;
    9513 : F94;
    9514 : F84;
    9515 : F84;
    9516 : F84;
    9517 : F94;
    9518 : F94;
    9519 : F94;
    9520 : F94;
    9521 : F94;
    9522 : F94;
    9523 : F94;
    9524 : F94;
    9525 : F84;
    9526 : F84;
    9527 : F84;
    9528 : F84;
    9529 : F84;
    9530 : F94;
    9531 : F94;
    9532 : F94;
    9533 : F94;
    9534 : F94;
    9535 : F84;
    9536 : F94;
    9537 : F94;
    9538 : F94;
    9539 : F94;
    9540 : F84;
    9541 : F94;
    9542 : F84;
    9543 : F94;
    9544 : F94;
    9545 : F84;
    9546 : F94;
    9547 : F94;
    9548 : F94;
    9549 : F94;
    9550 : F84;
    9551 : F94;
    9552 : F94;
    9553 : F84;
    9554 : F94;
    9555 : F84;
    9556 : F94;
    9557 : F84;
    9558 : F94;
    9559 : F94;
    9560 : F94;
    9561 : F84;
    9562 : F94;
    9563 : F84;
    9564 : F94;
    9565 : F84;
    9566 : F94;
    9567 : F94;
    9568 : F94;
    9569 : F94;
    9570 : F94;
    9571 : F94;
    9572 : F94;
    9573 : F94;
    9574 : F94;
    9575 : F94;
    9576 : F94;
    9577 : F94;
    9578 : F94;
    9579 : F94;
    9580 : F94;
    9581 : F94;
    9582 : F94;
    9583 : F94;
    9584 : F94;
    9585 : F94;
    9586 : F94;
    9587 : F94;
    9588 : 633;
    9589 : C33;
    9590 : B34;
    9591 : E43;
    9592 : C34;
    9593 : 923;
    9594 : E44;
    9595 : 924;
    9596 : 924;
    9597 : C34;
    9598 : 924;
    9599 : 924;
    9600 : 524;
    9601 : 313;
    9602 : 424;
    9603 : 424;
    9604 : 624;
    9605 : 524;
    9606 : 524;
    9607 : 413;
    9608 : 523;
    9609 : 523;
    9610 : 423;
    9611 : 514;
    9612 : 524;
    9613 : 523;
    9614 : F94;
    9615 : F94;
    9616 : F94;
    9617 : F94;
    9618 : F94;
    9619 : F94;
    9620 : F94;
    9621 : F94;
    9622 : F94;
    9623 : F94;
    9624 : F94;
    9625 : F94;
    9626 : F94;
    9627 : F94;
    9628 : F94;
    9629 : F84;
    9630 : F94;
    9631 : F94;
    9632 : F84;
    9633 : F94;
    9634 : F94;
    9635 : F84;
    9636 : F94;
    9637 : F94;
    9638 : F94;
    9639 : F94;
    9640 : F94;
    9641 : F94;
    9642 : F94;
    9643 : F94;
    9644 : F94;
    9645 : F94;
    9646 : F94;
    9647 : F94;
    9648 : F94;
    9649 : F94;
    9650 : F94;
    9651 : F94;
    9652 : F94;
    9653 : F94;
    9654 : F94;
    9655 : F94;
    9656 : F94;
    9657 : F94;
    9658 : F94;
    9659 : F94;
    9660 : F94;
    9661 : F94;
    9662 : F84;
    9663 : F84;
    9664 : F94;
    9665 : F94;
    9666 : F94;
    9667 : F94;
    9668 : F94;
    9669 : F94;
    9670 : F94;
    9671 : F94;
    9672 : F84;
    9673 : F94;
    9674 : F94;
    9675 : F94;
    9676 : F94;
    9677 : F94;
    9678 : F94;
    9679 : F84;
    9680 : F94;
    9681 : F84;
    9682 : F94;
    9683 : F94;
    9684 : F94;
    9685 : F94;
    9686 : F84;
    9687 : F84;
    9688 : F84;
    9689 : F84;
    9690 : F84;
    9691 : F94;
    9692 : F94;
    9693 : F94;
    9694 : F94;
    9695 : F94;
    9696 : F94;
    9697 : F94;
    9698 : F84;
    9699 : F84;
    9700 : F84;
    9701 : F94;
    9702 : F94;
    9703 : F84;
    9704 : F84;
    9705 : F94;
    9706 : F84;
    9707 : F94;
    9708 : F84;
    9709 : F84;
    9710 : F94;
    9711 : F94;
    9712 : F94;
    9713 : F94;
    9714 : F94;
    9715 : F94;
    9716 : F94;
    9717 : F94;
    9718 : F94;
    9719 : F94;
    9720 : F84;
    9721 : F94;
    9722 : F94;
    9723 : F84;
    9724 : F94;
    9725 : F94;
    9726 : F94;
    9727 : F94;
    9728 : F94;
    9729 : F94;
    9730 : F94;
    9731 : F94;
    9732 : F94;
    9733 : F94;
    9734 : F94;
    9735 : F94;
    9736 : F94;
    9737 : F94;
    9738 : F94;
    9739 : F94;
    9740 : F94;
    9741 : F94;
    9742 : F94;
    9743 : F94;
    9744 : F94;
    9745 : F94;
    9746 : F94;
    9747 : E85;
    9748 : B23;
    9749 : B23;
    9750 : 933;
    9751 : B34;
    9752 : B34;
    9753 : 923;
    9754 : A34;
    9755 : A24;
    9756 : 823;
    9757 : 924;
    9758 : 924;
    9759 : 513;
    9760 : 524;
    9761 : 524;
    9762 : 524;
    9763 : 624;
    9764 : 624;
    9765 : 524;
    9766 : 524;
    9767 : 724;
    9768 : 724;
    9769 : 724;
    9770 : 834;
    9771 : 734;
    9772 : 934;
    9773 : D84;
    9774 : F94;
    9775 : F94;
    9776 : F94;
    9777 : F94;
    9778 : F94;
    9779 : F94;
    9780 : F94;
    9781 : F94;
    9782 : F94;
    9783 : F94;
    9784 : F94;
    9785 : F94;
    9786 : F94;
    9787 : F94;
    9788 : F94;
    9789 : F94;
    9790 : F94;
    9791 : F94;
    9792 : F94;
    9793 : F94;
    9794 : F94;
    9795 : F94;
    9796 : F94;
    9797 : F94;
    9798 : F94;
    9799 : F94;
    9800 : F94;
    9801 : F94;
    9802 : F94;
    9803 : F94;
    9804 : F94;
    9805 : F94;
    9806 : F94;
    9807 : F94;
    9808 : F94;
    9809 : F94;
    9810 : F94;
    9811 : F94;
    9812 : F94;
    9813 : F94;
    9814 : F94;
    9815 : F94;
    9816 : F94;
    9817 : F94;
    9818 : F94;
    9819 : F94;
    9820 : F94;
    9821 : F94;
    9822 : F94;
    9823 : F94;
    9824 : F94;
    9825 : F94;
    9826 : F94;
    9827 : F94;
    9828 : F94;
    9829 : F94;
    9830 : F94;
    9831 : F94;
    9832 : F94;
    9833 : F94;
    9834 : F94;
    9835 : F94;
    9836 : F94;
    9837 : F94;
    9838 : F84;
    9839 : F94;
    9840 : F94;
    9841 : F94;
    9842 : F94;
    9843 : F94;
    9844 : F94;
    9845 : F84;
    9846 : F84;
    9847 : F84;
    9848 : F84;
    9849 : F84;
    9850 : F94;
    9851 : F84;
    9852 : F94;
    9853 : F94;
    9854 : F94;
    9855 : F84;
    9856 : F94;
    9857 : F94;
    9858 : F94;
    9859 : F84;
    9860 : F94;
    9861 : F84;
    9862 : F94;
    9863 : F94;
    9864 : F94;
    9865 : F94;
    9866 : F94;
    9867 : F94;
    9868 : F94;
    9869 : F94;
    9870 : F94;
    9871 : F94;
    9872 : F94;
    9873 : F94;
    9874 : F94;
    9875 : F94;
    9876 : F94;
    9877 : F94;
    9878 : F94;
    9879 : F94;
    9880 : F94;
    9881 : F94;
    9882 : F94;
    9883 : F94;
    9884 : F94;
    9885 : F94;
    9886 : F94;
    9887 : F94;
    9888 : F94;
    9889 : F94;
    9890 : F94;
    9891 : F94;
    9892 : F94;
    9893 : F94;
    9894 : F94;
    9895 : F94;
    9896 : F94;
    9897 : F94;
    9898 : F94;
    9899 : F94;
    9900 : F94;
    9901 : F94;
    9902 : F94;
    9903 : F94;
    9904 : F94;
    9905 : F94;
    9906 : F94;
    9907 : 943;
    9908 : C34;
    9909 : C34;
    9910 : F73;
    9911 : B34;
    9912 : B34;
    9913 : C54;
    9914 : C34;
    9915 : A24;
    9916 : 724;
    9917 : 824;
    9918 : 824;
    9919 : 724;
    9920 : 424;
    9921 : 424;
    9922 : 424;
    9923 : 424;
    9924 : 423;
    9925 : 424;
    9926 : 424;
    9927 : 424;
    9928 : 424;
    9929 : 424;
    9930 : 323;
    9931 : 213;
    9932 : F94;
    9933 : F94;
    9934 : F94;
    9935 : F94;
    9936 : F94;
    9937 : F94;
    9938 : F94;
    9939 : F94;
    9940 : F94;
    9941 : F94;
    9942 : F94;
    9943 : F94;
    9944 : F94;
    9945 : F94;
    9946 : F94;
    9947 : F94;
    9948 : F94;
    9949 : F94;
    9950 : F94;
    9951 : F94;
    9952 : F94;
    9953 : F94;
    9954 : F94;
    9955 : F94;
    9956 : F94;
    9957 : F94;
    9958 : F94;
    9959 : F94;
    9960 : F94;
    9961 : F94;
    9962 : F94;
    9963 : F94;
    9964 : F94;
    9965 : F94;
    9966 : F94;
    9967 : F94;
    9968 : F94;
    9969 : F94;
    9970 : F94;
    9971 : F94;
    9972 : F94;
    9973 : F94;
    9974 : F94;
    9975 : F94;
    9976 : F94;
    9977 : F94;
    9978 : F94;
    9979 : F94;
    9980 : F94;
    9981 : F94;
    9982 : F94;
    9983 : F94;
    9984 : F94;
    9985 : F94;
    9986 : F94;
    9987 : F94;
    9988 : F94;
    9989 : F94;
    9990 : F94;
    9991 : F94;
    9992 : F94;
    9993 : F94;
    9994 : F94;
    9995 : F94;
    9996 : F94;
    9997 : F94;
    9998 : F94;
    9999 : F94;
    10000 : F94;
    10001 : F94;
    10002 : F94;
    10003 : F94;
    10004 : F94;
    10005 : F94;
    10006 : F94;
    10007 : F94;
    10008 : F84;
    10009 : F84;
    10010 : F84;
    10011 : F94;
    10012 : F94;
    10013 : F94;
    10014 : F94;
    10015 : F94;
    10016 : F94;
    10017 : F94;
    10018 : F94;
    10019 : F94;
    10020 : F94;
    10021 : F84;
    10022 : F94;
    10023 : F94;
    10024 : F94;
    10025 : F94;
    10026 : F84;
    10027 : F94;
    10028 : F94;
    10029 : F94;
    10030 : F94;
    10031 : F94;
    10032 : F94;
    10033 : F94;
    10034 : F94;
    10035 : F94;
    10036 : F94;
    10037 : F94;
    10038 : F94;
    10039 : F94;
    10040 : F94;
    10041 : F94;
    10042 : F94;
    10043 : F94;
    10044 : F94;
    10045 : F94;
    10046 : F94;
    10047 : F94;
    10048 : F94;
    10049 : F94;
    10050 : F94;
    10051 : F94;
    10052 : F94;
    10053 : F94;
    10054 : F94;
    10055 : F94;
    10056 : F94;
    10057 : F94;
    10058 : F94;
    10059 : F94;
    10060 : F94;
    10061 : F94;
    10062 : F94;
    10063 : F94;
    10064 : F94;
    10065 : F94;
    10066 : F94;
    10067 : 723;
    10068 : 723;
    10069 : 623;
    10070 : 724;
    10071 : 724;
    10072 : 724;
    10073 : 613;
    10074 : 724;
    10075 : 724;
    10076 : 624;
    10077 : 524;
    10078 : 624;
    10079 : 624;
    10080 : 624;
    10081 : 624;
    10082 : 624;
    10083 : 624;
    10084 : 724;
    10085 : 724;
    10086 : 724;
    10087 : 724;
    10088 : 724;
    10089 : 724;
    10090 : 724;
    10091 : 223;
    10092 : F94;
    10093 : F94;
    10094 : F94;
    10095 : F94;
    10096 : F94;
    10097 : F94;
    10098 : F94;
    10099 : F94;
    10100 : F94;
    10101 : F94;
    10102 : F94;
    10103 : F94;
    10104 : F94;
    10105 : F94;
    10106 : F94;
    10107 : F94;
    10108 : F94;
    10109 : F94;
    10110 : F94;
    10111 : F94;
    10112 : F94;
    10113 : F94;
    10114 : F94;
    10115 : F94;
    10116 : F94;
    10117 : F94;
    10118 : F94;
    10119 : F94;
    10120 : F94;
    10121 : F94;
    10122 : F94;
    10123 : F94;
    10124 : F94;
    10125 : F94;
    10126 : F94;
    10127 : F94;
    10128 : F94;
    10129 : F94;
    10130 : F94;
    10131 : F94;
    10132 : F94;
    10133 : F94;
    10134 : F94;
    10135 : F94;
    10136 : F94;
    10137 : F94;
    10138 : F94;
    10139 : F94;
    10140 : F94;
    10141 : F94;
    10142 : F94;
    10143 : F94;
    10144 : F94;
    10145 : F94;
    10146 : F94;
    10147 : F94;
    10148 : F94;
    10149 : F94;
    10150 : F94;
    10151 : F94;
    10152 : F94;
    10153 : F94;
    10154 : F94;
    10155 : F94;
    10156 : F94;
    10157 : F94;
    10158 : F94;
    10159 : F94;
    10160 : F94;
    10161 : F94;
    10162 : F94;
    10163 : F94;
    10164 : F94;
    10165 : F94;
    10166 : F94;
    10167 : F84;
    10168 : F94;
    10169 : F94;
    10170 : F94;
    10171 : F94;
    10172 : F94;
    10173 : F84;
    10174 : F94;
    10175 : F94;
    10176 : F94;
    10177 : F94;
    10178 : F94;
    10179 : F94;
    10180 : F94;
    10181 : F94;
    10182 : F94;
    10183 : F84;
    10184 : F94;
    10185 : F94;
    10186 : F94;
    10187 : F94;
    10188 : F94;
    10189 : F94;
    10190 : F94;
    10191 : F94;
    10192 : F94;
    10193 : F94;
    10194 : F94;
    10195 : F94;
    10196 : F94;
    10197 : F94;
    10198 : F94;
    10199 : F94;
    10200 : F94;
    10201 : F94;
    10202 : F94;
    10203 : F94;
    10204 : F94;
    10205 : F94;
    10206 : F94;
    10207 : F94;
    10208 : F94;
    10209 : F94;
    10210 : F94;
    10211 : F94;
    10212 : F94;
    10213 : F94;
    10214 : F94;
    10215 : F94;
    10216 : F94;
    10217 : F94;
    10218 : F94;
    10219 : F94;
    10220 : F94;
    10221 : F94;
    10222 : F94;
    10223 : F94;
    10224 : F94;
    10225 : F94;
    10226 : F94;
    10227 : 113;
    10228 : 843;
    10229 : 943;
    10230 : 734;
    10231 : 733;
    10232 : 734;
    10233 : 834;
    10234 : 733;
    10235 : 624;
    10236 : 624;
    10237 : 624;
    10238 : 524;
    10239 : 523;
    10240 : 834;
    10241 : 834;
    10242 : 734;
    10243 : 834;
    10244 : 934;
    10245 : 834;
    10246 : 834;
    10247 : 934;
    10248 : 944;
    10249 : A44;
    10250 : A44;
    10251 : 012;
    10252 : F94;
    10253 : F94;
    10254 : F94;
    10255 : F94;
    10256 : F94;
    10257 : F94;
    10258 : F94;
    10259 : F94;
    10260 : F94;
    10261 : F94;
    10262 : F94;
    10263 : F94;
    10264 : F94;
    10265 : F94;
    10266 : F94;
    10267 : F94;
    10268 : F94;
    10269 : F94;
    10270 : F94;
    10271 : F94;
    10272 : F94;
    10273 : F94;
    10274 : F94;
    10275 : F94;
    10276 : F94;
    10277 : F94;
    10278 : F94;
    10279 : F94;
    10280 : F94;
    10281 : F94;
    10282 : F94;
    10283 : F94;
    10284 : F94;
    10285 : F94;
    10286 : F94;
    10287 : F94;
    10288 : F94;
    10289 : F94;
    10290 : F94;
    10291 : F94;
    10292 : F94;
    10293 : FB4;
    10294 : FB5;
    10295 : FB5;
    10296 : F94;
    10297 : F94;
    10298 : F94;
    10299 : F94;
    10300 : F94;
    10301 : F94;
    10302 : F94;
    10303 : F94;
    10304 : F94;
    10305 : F94;
    10306 : F94;
    10307 : F94;
    10308 : F94;
    10309 : F94;
    10310 : F94;
    10311 : F94;
    10312 : F94;
    10313 : F94;
    10314 : F94;
    10315 : F94;
    10316 : F94;
    10317 : F94;
    10318 : F94;
    10319 : F94;
    10320 : F94;
    10321 : F94;
    10322 : F94;
    10323 : F94;
    10324 : F94;
    10325 : F94;
    10326 : F94;
    10327 : F94;
    10328 : F94;
    10329 : F94;
    10330 : F94;
    10331 : F94;
    10332 : F94;
    10333 : F94;
    10334 : F94;
    10335 : F94;
    10336 : F94;
    10337 : F94;
    10338 : F94;
    10339 : F94;
    10340 : F94;
    10341 : F94;
    10342 : F94;
    10343 : F94;
    10344 : F94;
    10345 : F94;
    10346 : F94;
    10347 : F94;
    10348 : F94;
    10349 : F94;
    10350 : F94;
    10351 : F94;
    10352 : F94;
    10353 : F94;
    10354 : F94;
    10355 : F94;
    10356 : F94;
    10357 : F94;
    10358 : F94;
    10359 : F94;
    10360 : F94;
    10361 : F94;
    10362 : F94;
    10363 : F94;
    10364 : F94;
    10365 : F94;
    10366 : F94;
    10367 : F94;
    10368 : F94;
    10369 : F94;
    10370 : F94;
    10371 : F94;
    10372 : F94;
    10373 : F94;
    10374 : F94;
    10375 : F94;
    10376 : F94;
    10377 : F94;
    10378 : F94;
    10379 : F94;
    10380 : F94;
    10381 : F94;
    10382 : F94;
    10383 : F94;
    10384 : F94;
    10385 : F94;
    10386 : F94;
    10387 : D84;
    10388 : 624;
    10389 : 523;
    10390 : 424;
    10391 : 424;
    10392 : 524;
    10393 : 424;
    10394 : 524;
    10395 : 423;
    10396 : 424;
    10397 : 524;
    10398 : 424;
    10399 : 424;
    10400 : 724;
    10401 : 734;
    10402 : 734;
    10403 : 734;
    10404 : 734;
    10405 : 734;
    10406 : 724;
    10407 : 834;
    10408 : A44;
    10409 : A44;
    10410 : A44;
    10411 : 013;
    10412 : F94;
    10413 : F94;
    10414 : F94;
    10415 : F94;
    10416 : F94;
    10417 : F94;
    10418 : F94;
    10419 : F94;
    10420 : F94;
    10421 : F94;
    10422 : F94;
    10423 : F94;
    10424 : F94;
    10425 : F94;
    10426 : F94;
    10427 : F94;
    10428 : F94;
    10429 : F94;
    10430 : F94;
    10431 : F94;
    10432 : F94;
    10433 : F94;
    10434 : F94;
    10435 : F94;
    10436 : F94;
    10437 : F94;
    10438 : F94;
    10439 : F94;
    10440 : F94;
    10441 : F94;
    10442 : F94;
    10443 : F94;
    10444 : F94;
    10445 : F94;
    10446 : F94;
    10447 : F94;
    10448 : F94;
    10449 : F94;
    10450 : F94;
    10451 : F94;
    10452 : FB5;
    10453 : FB5;
    10454 : FB5;
    10455 : FB5;
    10456 : FB5;
    10457 : F94;
    10458 : FB5;
    10459 : FB5;
    10460 : FA4;
    10461 : F94;
    10462 : F94;
    10463 : F94;
    10464 : F94;
    10465 : F94;
    10466 : F94;
    10467 : F94;
    10468 : F94;
    10469 : F94;
    10470 : F94;
    10471 : F94;
    10472 : F94;
    10473 : F94;
    10474 : F94;
    10475 : F94;
    10476 : F94;
    10477 : F94;
    10478 : F94;
    10479 : F94;
    10480 : F94;
    10481 : F94;
    10482 : F94;
    10483 : F94;
    10484 : F94;
    10485 : F94;
    10486 : F94;
    10487 : F94;
    10488 : F94;
    10489 : F94;
    10490 : F94;
    10491 : F94;
    10492 : F94;
    10493 : F94;
    10494 : F94;
    10495 : F94;
    10496 : F94;
    10497 : F94;
    10498 : F94;
    10499 : F94;
    10500 : F94;
    10501 : F94;
    10502 : F94;
    10503 : F94;
    10504 : F94;
    10505 : F94;
    10506 : F94;
    10507 : F94;
    10508 : F94;
    10509 : F94;
    10510 : F94;
    10511 : F94;
    10512 : F94;
    10513 : F94;
    10514 : F94;
    10515 : F94;
    10516 : F94;
    10517 : F94;
    10518 : F94;
    10519 : F94;
    10520 : F94;
    10521 : F94;
    10522 : F94;
    10523 : F94;
    10524 : F94;
    10525 : F94;
    10526 : F94;
    10527 : F94;
    10528 : F94;
    10529 : F94;
    10530 : F94;
    10531 : F94;
    10532 : F94;
    10533 : F94;
    10534 : F94;
    10535 : F94;
    10536 : F94;
    10537 : F94;
    10538 : F94;
    10539 : F94;
    10540 : F94;
    10541 : F94;
    10542 : F94;
    10543 : F94;
    10544 : F94;
    10545 : F94;
    10546 : F94;
    10547 : F94;
    10548 : F93;
    10549 : 624;
    10550 : 724;
    10551 : 624;
    10552 : 524;
    10553 : 624;
    10554 : 524;
    10555 : 624;
    10556 : 624;
    10557 : 524;
    10558 : 624;
    10559 : 524;
    10560 : 624;
    10561 : 834;
    10562 : A45;
    10563 : 934;
    10564 : 624;
    10565 : 524;
    10566 : A44;
    10567 : E75;
    10568 : 934;
    10569 : 624;
    10570 : 723;
    10571 : 213;
    10572 : F94;
    10573 : F94;
    10574 : F94;
    10575 : F94;
    10576 : F94;
    10577 : F94;
    10578 : F94;
    10579 : F94;
    10580 : F94;
    10581 : F94;
    10582 : F94;
    10583 : F94;
    10584 : F94;
    10585 : F94;
    10586 : F94;
    10587 : F94;
    10588 : F94;
    10589 : F94;
    10590 : F94;
    10591 : F94;
    10592 : F94;
    10593 : F94;
    10594 : F94;
    10595 : F94;
    10596 : F94;
    10597 : F94;
    10598 : F94;
    10599 : F94;
    10600 : F94;
    10601 : F94;
    10602 : F94;
    10603 : F94;
    10604 : F94;
    10605 : F94;
    10606 : F94;
    10607 : F94;
    10608 : F94;
    10609 : FA5;
    10610 : FB5;
    10611 : FB5;
    10612 : FA4;
    10613 : FA4;
    10614 : FA4;
    10615 : FA4;
    10616 : FA4;
    10617 : FB5;
    10618 : FB5;
    10619 : FA4;
    10620 : FB5;
    10621 : F94;
    10622 : F94;
    10623 : F94;
    10624 : F94;
    10625 : F94;
    10626 : F94;
    10627 : F94;
    10628 : F94;
    10629 : F94;
    10630 : F94;
    10631 : F94;
    10632 : F94;
    10633 : F94;
    10634 : F94;
    10635 : F94;
    10636 : F94;
    10637 : F94;
    10638 : F94;
    10639 : F94;
    10640 : F94;
    10641 : F94;
    10642 : F94;
    10643 : F94;
    10644 : F94;
    10645 : F94;
    10646 : F94;
    10647 : F94;
    10648 : F94;
    10649 : F94;
    10650 : F94;
    10651 : F94;
    10652 : F94;
    10653 : F94;
    10654 : F94;
    10655 : F94;
    10656 : F94;
    10657 : F94;
    10658 : F94;
    10659 : F94;
    10660 : F94;
    10661 : F94;
    10662 : F94;
    10663 : F94;
    10664 : F94;
    10665 : F94;
    10666 : F94;
    10667 : F94;
    10668 : F94;
    10669 : F94;
    10670 : F94;
    10671 : F94;
    10672 : F94;
    10673 : F94;
    10674 : F94;
    10675 : F94;
    10676 : F94;
    10677 : F94;
    10678 : F94;
    10679 : F94;
    10680 : F94;
    10681 : F94;
    10682 : F94;
    10683 : F94;
    10684 : F94;
    10685 : F94;
    10686 : F94;
    10687 : F94;
    10688 : F94;
    10689 : F94;
    10690 : F94;
    10691 : F94;
    10692 : F94;
    10693 : F94;
    10694 : F94;
    10695 : F94;
    10696 : F94;
    10697 : F94;
    10698 : F94;
    10699 : F94;
    10700 : F94;
    10701 : F94;
    10702 : F94;
    10703 : F94;
    10704 : F94;
    10705 : F94;
    10706 : F94;
    10707 : F94;
    10708 : F94;
    10709 : B44;
    10710 : B55;
    10711 : 624;
    10712 : 944;
    10713 : 934;
    10714 : 944;
    10715 : 934;
    10716 : 724;
    10717 : 834;
    10718 : 834;
    10719 : 624;
    10720 : 734;
    10721 : 413;
    10722 : 945;
    10723 : 633;
    10724 : 832;
    10725 : A42;
    10726 : 423;
    10727 : A44;
    10728 : 633;
    10729 : 734;
    10730 : A34;
    10731 : 113;
    10732 : F94;
    10733 : F94;
    10734 : F94;
    10735 : F94;
    10736 : F94;
    10737 : F94;
    10738 : F94;
    10739 : F94;
    10740 : F94;
    10741 : F94;
    10742 : F94;
    10743 : F94;
    10744 : F94;
    10745 : F94;
    10746 : F94;
    10747 : F94;
    10748 : F94;
    10749 : F94;
    10750 : F94;
    10751 : F94;
    10752 : F94;
    10753 : F94;
    10754 : F94;
    10755 : F94;
    10756 : F94;
    10757 : F94;
    10758 : F94;
    10759 : F94;
    10760 : F94;
    10761 : F94;
    10762 : F94;
    10763 : F94;
    10764 : F94;
    10765 : F94;
    10766 : F94;
    10767 : F94;
    10768 : FB4;
    10769 : FB5;
    10770 : FA4;
    10771 : FA4;
    10772 : FA4;
    10773 : FA4;
    10774 : FA4;
    10775 : FA4;
    10776 : FA4;
    10777 : FA4;
    10778 : FA4;
    10779 : FA4;
    10780 : FA4;
    10781 : FA4;
    10782 : FA4;
    10783 : FA4;
    10784 : F94;
    10785 : FA4;
    10786 : F94;
    10787 : F94;
    10788 : F94;
    10789 : F94;
    10790 : F94;
    10791 : F94;
    10792 : F94;
    10793 : F94;
    10794 : F94;
    10795 : F94;
    10796 : F94;
    10797 : F94;
    10798 : F94;
    10799 : F94;
    10800 : F94;
    10801 : F94;
    10802 : F94;
    10803 : F94;
    10804 : F94;
    10805 : F94;
    10806 : F94;
    10807 : F94;
    10808 : F94;
    10809 : F94;
    10810 : F94;
    10811 : F94;
    10812 : F94;
    10813 : F94;
    10814 : F94;
    10815 : F94;
    10816 : F94;
    10817 : F94;
    10818 : F94;
    10819 : F94;
    10820 : F94;
    10821 : F94;
    10822 : F94;
    10823 : F94;
    10824 : F94;
    10825 : F94;
    10826 : F94;
    10827 : F94;
    10828 : F94;
    10829 : F94;
    10830 : F94;
    10831 : F94;
    10832 : F94;
    10833 : F94;
    10834 : F94;
    10835 : F94;
    10836 : F94;
    10837 : F94;
    10838 : F94;
    10839 : F94;
    10840 : F94;
    10841 : F94;
    10842 : F94;
    10843 : F94;
    10844 : F94;
    10845 : F94;
    10846 : F94;
    10847 : F94;
    10848 : F94;
    10849 : F94;
    10850 : F94;
    10851 : F94;
    10852 : F94;
    10853 : F94;
    10854 : F94;
    10855 : F94;
    10856 : F94;
    10857 : F94;
    10858 : F94;
    10859 : F94;
    10860 : F94;
    10861 : F94;
    10862 : F94;
    10863 : F94;
    10864 : F94;
    10865 : F94;
    10866 : F94;
    10867 : F94;
    10868 : F94;
    10869 : A44;
    10870 : A44;
    10871 : 634;
    10872 : 944;
    10873 : 723;
    10874 : B44;
    10875 : 944;
    10876 : 624;
    10877 : 834;
    10878 : 834;
    10879 : 834;
    10880 : 734;
    10881 : 424;
    10882 : 313;
    10883 : E61;
    10884 : D73;
    10885 : F92;
    10886 : D52;
    10887 : 313;
    10888 : 323;
    10889 : 934;
    10890 : A44;
    10891 : 113;
    10892 : F94;
    10893 : F94;
    10894 : F94;
    10895 : F94;
    10896 : F94;
    10897 : F94;
    10898 : F94;
    10899 : F94;
    10900 : F94;
    10901 : F94;
    10902 : F94;
    10903 : F94;
    10904 : F94;
    10905 : F94;
    10906 : F94;
    10907 : F94;
    10908 : F94;
    10909 : F94;
    10910 : F94;
    10911 : F94;
    10912 : F94;
    10913 : F94;
    10914 : F94;
    10915 : F94;
    10916 : F94;
    10917 : F94;
    10918 : F94;
    10919 : F94;
    10920 : F94;
    10921 : F94;
    10922 : F94;
    10923 : F94;
    10924 : F94;
    10925 : F94;
    10926 : F94;
    10927 : F94;
    10928 : F94;
    10929 : F94;
    10930 : F94;
    10931 : F94;
    10932 : F94;
    10933 : F94;
    10934 : F94;
    10935 : F94;
    10936 : F94;
    10937 : F94;
    10938 : F94;
    10939 : F94;
    10940 : F94;
    10941 : F94;
    10942 : F94;
    10943 : F94;
    10944 : F94;
    10945 : F94;
    10946 : F94;
    10947 : F94;
    10948 : F94;
    10949 : F94;
    10950 : F94;
    10951 : F94;
    10952 : F94;
    10953 : F94;
    10954 : F94;
    10955 : F94;
    10956 : F94;
    10957 : F94;
    10958 : F94;
    10959 : F94;
    10960 : F94;
    10961 : F94;
    10962 : F94;
    10963 : F94;
    10964 : F94;
    10965 : F94;
    10966 : F94;
    10967 : F94;
    10968 : F94;
    10969 : F94;
    10970 : F94;
    10971 : F94;
    10972 : F94;
    10973 : F94;
    10974 : F94;
    10975 : F94;
    10976 : F94;
    10977 : F94;
    10978 : F94;
    10979 : F94;
    10980 : F94;
    10981 : F94;
    10982 : F94;
    10983 : F94;
    10984 : F94;
    10985 : F94;
    10986 : F94;
    10987 : F94;
    10988 : F94;
    10989 : F94;
    10990 : F94;
    10991 : F94;
    10992 : F94;
    10993 : F94;
    10994 : F94;
    10995 : F94;
    10996 : F94;
    10997 : F94;
    10998 : F94;
    10999 : F94;
    11000 : F94;
    11001 : F94;
    11002 : F94;
    11003 : F94;
    11004 : F94;
    11005 : F94;
    11006 : F94;
    11007 : F94;
    11008 : F94;
    11009 : F94;
    11010 : F94;
    11011 : F94;
    11012 : F94;
    11013 : F94;
    11014 : F94;
    11015 : F94;
    11016 : F94;
    11017 : F94;
    11018 : F94;
    11019 : F94;
    11020 : F94;
    11021 : F94;
    11022 : F94;
    11023 : F94;
    11024 : F94;
    11025 : F94;
    11026 : F94;
    11027 : F94;
    11028 : F94;
    11029 : A43;
    11030 : A44;
    11031 : 734;
    11032 : F95;
    11033 : 934;
    11034 : 734;
    11035 : 734;
    11036 : 944;
    11037 : 934;
    11038 : 834;
    11039 : 624;
    11040 : 734;
    11041 : 424;
    11042 : 423;
    11043 : F91;
    11044 : FB5;
    11045 : FC3;
    11046 : F82;
    11047 : 213;
    11048 : 323;
    11049 : A44;
    11050 : A44;
    11051 : 213;
    11052 : F94;
    11053 : E74;
    11054 : F93;
    11055 : F94;
    11056 : F94;
    11057 : F94;
    11058 : F94;
    11059 : F94;
    11060 : F94;
    11061 : F94;
    11062 : F94;
    11063 : F94;
    11064 : F94;
    11065 : F94;
    11066 : F94;
    11067 : F94;
    11068 : F94;
    11069 : F94;
    11070 : F94;
    11071 : F94;
    11072 : F94;
    11073 : F94;
    11074 : F94;
    11075 : F94;
    11076 : F94;
    11077 : F94;
    11078 : F94;
    11079 : F94;
    11080 : F94;
    11081 : F94;
    11082 : F94;
    11083 : F94;
    11084 : F94;
    11085 : F94;
    11086 : F94;
    11087 : F94;
    11088 : F94;
    11089 : F94;
    11090 : F94;
    11091 : F94;
    11092 : F94;
    11093 : F94;
    11094 : F94;
    11095 : F94;
    11096 : F94;
    11097 : F94;
    11098 : F94;
    11099 : F94;
    11100 : F94;
    11101 : F94;
    11102 : F94;
    11103 : F94;
    11104 : F94;
    11105 : F94;
    11106 : F94;
    11107 : F94;
    11108 : F94;
    11109 : F94;
    11110 : F94;
    11111 : F94;
    11112 : F94;
    11113 : F94;
    11114 : F94;
    11115 : F94;
    11116 : F94;
    11117 : F94;
    11118 : F94;
    11119 : F94;
    11120 : F94;
    11121 : F94;
    11122 : F94;
    11123 : F94;
    11124 : F94;
    11125 : F94;
    11126 : F94;
    11127 : F94;
    11128 : F94;
    11129 : F94;
    11130 : F94;
    11131 : F94;
    11132 : F94;
    11133 : F94;
    11134 : F94;
    11135 : F94;
    11136 : F94;
    11137 : F94;
    11138 : F94;
    11139 : F94;
    11140 : F94;
    11141 : F94;
    11142 : F94;
    11143 : F94;
    11144 : F94;
    11145 : F94;
    11146 : F94;
    11147 : F94;
    11148 : F94;
    11149 : F94;
    11150 : F94;
    11151 : F94;
    11152 : F94;
    11153 : F94;
    11154 : F94;
    11155 : F94;
    11156 : F94;
    11157 : F94;
    11158 : F94;
    11159 : F94;
    11160 : F94;
    11161 : F94;
    11162 : F94;
    11163 : F94;
    11164 : F94;
    11165 : F94;
    11166 : F94;
    11167 : F94;
    11168 : F94;
    11169 : F94;
    11170 : F94;
    11171 : F94;
    11172 : F94;
    11173 : F94;
    11174 : F94;
    11175 : F94;
    11176 : F94;
    11177 : F94;
    11178 : F94;
    11179 : F94;
    11180 : F94;
    11181 : F94;
    11182 : F94;
    11183 : F94;
    11184 : F94;
    11185 : F94;
    11186 : F94;
    11187 : F94;
    11188 : F94;
    11189 : A43;
    11190 : B44;
    11191 : 624;
    11192 : 944;
    11193 : 423;
    11194 : A32;
    11195 : C42;
    11196 : B43;
    11197 : 834;
    11198 : 423;
    11199 : 834;
    11200 : 734;
    11201 : 423;
    11202 : 423;
    11203 : 733;
    11204 : 733;
    11205 : 622;
    11206 : 732;
    11207 : 313;
    11208 : 423;
    11209 : A44;
    11210 : A44;
    11211 : 213;
    11212 : C54;
    11213 : 524;
    11214 : 312;
    11215 : D53;
    11216 : C53;
    11217 : D64;
    11218 : D64;
    11219 : E74;
    11220 : D54;
    11221 : 844;
    11222 : 422;
    11223 : F94;
    11224 : F94;
    11225 : F94;
    11226 : F94;
    11227 : F94;
    11228 : F94;
    11229 : F94;
    11230 : F94;
    11231 : F94;
    11232 : F94;
    11233 : F94;
    11234 : F94;
    11235 : F94;
    11236 : F94;
    11237 : F94;
    11238 : F94;
    11239 : F94;
    11240 : F94;
    11241 : F94;
    11242 : F94;
    11243 : F94;
    11244 : F94;
    11245 : F94;
    11246 : F94;
    11247 : F94;
    11248 : F94;
    11249 : F94;
    11250 : F94;
    11251 : F94;
    11252 : F94;
    11253 : F94;
    11254 : F94;
    11255 : F94;
    11256 : F94;
    11257 : F94;
    11258 : F94;
    11259 : F94;
    11260 : F94;
    11261 : F94;
    11262 : F94;
    11263 : F94;
    11264 : F94;
    11265 : F94;
    11266 : F94;
    11267 : F94;
    11268 : F94;
    11269 : F94;
    11270 : F94;
    11271 : F94;
    11272 : F94;
    11273 : F94;
    11274 : F94;
    11275 : F94;
    11276 : F94;
    11277 : F94;
    11278 : F94;
    11279 : F94;
    11280 : F94;
    11281 : F94;
    11282 : F94;
    11283 : F94;
    11284 : F94;
    11285 : F94;
    11286 : F94;
    11287 : F94;
    11288 : F94;
    11289 : F94;
    11290 : F94;
    11291 : F94;
    11292 : F94;
    11293 : F94;
    11294 : F94;
    11295 : F94;
    11296 : F94;
    11297 : F94;
    11298 : F94;
    11299 : F94;
    11300 : F94;
    11301 : F94;
    11302 : F94;
    11303 : F94;
    11304 : F94;
    11305 : F94;
    11306 : F94;
    11307 : F94;
    11308 : F94;
    11309 : F94;
    11310 : F94;
    11311 : F94;
    11312 : F94;
    11313 : F94;
    11314 : F94;
    11315 : F94;
    11316 : F94;
    11317 : F94;
    11318 : F94;
    11319 : F94;
    11320 : F94;
    11321 : F94;
    11322 : F94;
    11323 : F94;
    11324 : F94;
    11325 : F94;
    11326 : F94;
    11327 : F94;
    11328 : F94;
    11329 : F94;
    11330 : F94;
    11331 : F94;
    11332 : F94;
    11333 : F94;
    11334 : F94;
    11335 : F94;
    11336 : F94;
    11337 : F94;
    11338 : F94;
    11339 : F94;
    11340 : F94;
    11341 : F94;
    11342 : F94;
    11343 : F94;
    11344 : F94;
    11345 : F94;
    11346 : F94;
    11347 : F94;
    11348 : F94;
    11349 : A33;
    11350 : B44;
    11351 : 423;
    11352 : 734;
    11353 : E61;
    11354 : F92;
    11355 : FB4;
    11356 : E71;
    11357 : 313;
    11358 : 413;
    11359 : 834;
    11360 : 834;
    11361 : 524;
    11362 : 323;
    11363 : F81;
    11364 : EB4;
    11365 : FB4;
    11366 : F81;
    11367 : 313;
    11368 : 423;
    11369 : C54;
    11370 : E54;
    11371 : 313;
    11372 : FA4;
    11373 : 323;
    11374 : B74;
    11375 : B65;
    11376 : FA4;
    11377 : F94;
    11378 : F93;
    11379 : FA4;
    11380 : 324;
    11381 : B53;
    11382 : F94;
    11383 : F94;
    11384 : F94;
    11385 : F94;
    11386 : F94;
    11387 : F94;
    11388 : F94;
    11389 : F94;
    11390 : F94;
    11391 : F94;
    11392 : F94;
    11393 : F94;
    11394 : F94;
    11395 : F94;
    11396 : F94;
    11397 : F94;
    11398 : F94;
    11399 : F94;
    11400 : F94;
    11401 : F94;
    11402 : F94;
    11403 : F94;
    11404 : F94;
    11405 : F94;
    11406 : F94;
    11407 : F94;
    11408 : F94;
    11409 : F94;
    11410 : F94;
    11411 : F94;
    11412 : F94;
    11413 : F94;
    11414 : F94;
    11415 : F94;
    11416 : F94;
    11417 : F94;
    11418 : F94;
    11419 : F94;
    11420 : F94;
    11421 : F94;
    11422 : F94;
    11423 : F94;
    11424 : F94;
    11425 : F94;
    11426 : F94;
    11427 : F94;
    11428 : F94;
    11429 : F94;
    11430 : F94;
    11431 : F94;
    11432 : F94;
    11433 : F94;
    11434 : F94;
    11435 : F94;
    11436 : F94;
    11437 : F94;
    11438 : F94;
    11439 : F94;
    11440 : F94;
    11441 : F94;
    11442 : F94;
    11443 : F94;
    11444 : F94;
    11445 : F94;
    11446 : F94;
    11447 : F94;
    11448 : F94;
    11449 : F94;
    11450 : F94;
    11451 : F94;
    11452 : F94;
    11453 : F94;
    11454 : F94;
    11455 : F94;
    11456 : F94;
    11457 : F94;
    11458 : F94;
    11459 : F94;
    11460 : F94;
    11461 : F94;
    11462 : F94;
    11463 : F94;
    11464 : F94;
    11465 : F94;
    11466 : F94;
    11467 : F94;
    11468 : F94;
    11469 : F94;
    11470 : F94;
    11471 : F94;
    11472 : F94;
    11473 : F94;
    11474 : F94;
    11475 : F94;
    11476 : F94;
    11477 : F94;
    11478 : F94;
    11479 : F94;
    11480 : F94;
    11481 : F94;
    11482 : F94;
    11483 : F94;
    11484 : F94;
    11485 : F94;
    11486 : F94;
    11487 : F94;
    11488 : F94;
    11489 : F94;
    11490 : F94;
    11491 : F94;
    11492 : F94;
    11493 : F94;
    11494 : F94;
    11495 : F94;
    11496 : F94;
    11497 : F94;
    11498 : F94;
    11499 : F94;
    11500 : F94;
    11501 : F94;
    11502 : F94;
    11503 : F94;
    11504 : F94;
    11505 : F94;
    11506 : F94;
    11507 : F94;
    11508 : F94;
    11509 : A44;
    11510 : B44;
    11511 : 423;
    11512 : 834;
    11513 : F92;
    11514 : FC4;
    11515 : FD4;
    11516 : FA2;
    11517 : 323;
    11518 : 424;
    11519 : 834;
    11520 : 834;
    11521 : 524;
    11522 : 313;
    11523 : F81;
    11524 : FB4;
    11525 : FA3;
    11526 : F82;
    11527 : 423;
    11528 : 423;
    11529 : A44;
    11530 : B44;
    11531 : 213;
    11532 : F83;
    11533 : 843;
    11534 : 212;
    11535 : 213;
    11536 : 212;
    11537 : 112;
    11538 : 113;
    11539 : 112;
    11540 : 313;
    11541 : 212;
    11542 : FA4;
    11543 : F94;
    11544 : F94;
    11545 : F94;
    11546 : F94;
    11547 : F94;
    11548 : F94;
    11549 : F94;
    11550 : F94;
    11551 : F94;
    11552 : F94;
    11553 : F94;
    11554 : F94;
    11555 : F94;
    11556 : F94;
    11557 : F94;
    11558 : F94;
    11559 : F94;
    11560 : F94;
    11561 : F94;
    11562 : F94;
    11563 : F94;
    11564 : F94;
    11565 : F94;
    11566 : F94;
    11567 : F94;
    11568 : F94;
    11569 : F94;
    11570 : F94;
    11571 : F94;
    11572 : F94;
    11573 : F94;
    11574 : F94;
    11575 : F94;
    11576 : F94;
    11577 : F94;
    11578 : F94;
    11579 : F94;
    11580 : F94;
    11581 : F94;
    11582 : F94;
    11583 : F94;
    11584 : F94;
    11585 : F94;
    11586 : F94;
    11587 : F94;
    11588 : F94;
    11589 : F94;
    11590 : F94;
    11591 : F94;
    11592 : F94;
    11593 : F94;
    11594 : F94;
    11595 : F94;
    11596 : F94;
    11597 : F94;
    11598 : F94;
    11599 : F94;
    11600 : F94;
    11601 : F94;
    11602 : F94;
    11603 : F94;
    11604 : F94;
    11605 : F94;
    11606 : F94;
    11607 : F94;
    11608 : F94;
    11609 : F94;
    11610 : F94;
    11611 : F94;
    11612 : F94;
    11613 : F94;
    11614 : F94;
    11615 : F94;
    11616 : F94;
    11617 : F94;
    11618 : F94;
    11619 : F94;
    11620 : F94;
    11621 : F94;
    11622 : F94;
    11623 : F94;
    11624 : F94;
    11625 : F94;
    11626 : F94;
    11627 : F94;
    11628 : F94;
    11629 : F94;
    11630 : F94;
    11631 : F94;
    11632 : F94;
    11633 : F94;
    11634 : F94;
    11635 : F94;
    11636 : F94;
    11637 : F94;
    11638 : F94;
    11639 : F94;
    11640 : F94;
    11641 : F94;
    11642 : F94;
    11643 : F94;
    11644 : FA4;
    11645 : FA4;
    11646 : F94;
    11647 : F94;
    11648 : F94;
    11649 : F94;
    11650 : F94;
    11651 : F94;
    11652 : F94;
    11653 : F94;
    11654 : F94;
    11655 : F94;
    11656 : F94;
    11657 : F94;
    11658 : F94;
    11659 : F94;
    11660 : F94;
    11661 : F94;
    11662 : F94;
    11663 : F94;
    11664 : F94;
    11665 : F94;
    11666 : F94;
    11667 : F94;
    11668 : F94;
    11669 : D65;
    11670 : B54;
    11671 : 424;
    11672 : 833;
    11673 : 524;
    11674 : A42;
    11675 : 732;
    11676 : 733;
    11677 : 323;
    11678 : 413;
    11679 : 734;
    11680 : 834;
    11681 : 424;
    11682 : 423;
    11683 : D41;
    11684 : 723;
    11685 : D52;
    11686 : A32;
    11687 : 313;
    11688 : 423;
    11689 : B44;
    11690 : B44;
    11691 : 314;
    11692 : 424;
    11693 : 313;
    11694 : 723;
    11695 : 933;
    11696 : 933;
    11697 : A33;
    11698 : A33;
    11699 : A33;
    11700 : 933;
    11701 : 933;
    11702 : 953;
    11703 : F94;
    11704 : F94;
    11705 : F94;
    11706 : F94;
    11707 : F94;
    11708 : F94;
    11709 : F94;
    11710 : F94;
    11711 : F94;
    11712 : F94;
    11713 : F94;
    11714 : F94;
    11715 : F94;
    11716 : F94;
    11717 : F94;
    11718 : F94;
    11719 : F94;
    11720 : F94;
    11721 : F94;
    11722 : F94;
    11723 : F94;
    11724 : F94;
    11725 : F94;
    11726 : F94;
    11727 : F94;
    11728 : F94;
    11729 : F94;
    11730 : F94;
    11731 : F94;
    11732 : F94;
    11733 : F94;
    11734 : F94;
    11735 : F94;
    11736 : F94;
    11737 : F94;
    11738 : F94;
    11739 : F94;
    11740 : F94;
    11741 : F94;
    11742 : F94;
    11743 : F94;
    11744 : F94;
    11745 : F94;
    11746 : F94;
    11747 : F94;
    11748 : F94;
    11749 : F94;
    11750 : F94;
    11751 : F94;
    11752 : F94;
    11753 : F94;
    11754 : F94;
    11755 : F94;
    11756 : F94;
    11757 : F94;
    11758 : F94;
    11759 : F94;
    11760 : F94;
    11761 : F94;
    11762 : F94;
    11763 : F94;
    11764 : F94;
    11765 : F94;
    11766 : F94;
    11767 : F94;
    11768 : F94;
    11769 : F94;
    11770 : F94;
    11771 : F94;
    11772 : F94;
    11773 : F94;
    11774 : F94;
    11775 : F94;
    11776 : F94;
    11777 : F94;
    11778 : F94;
    11779 : F94;
    11780 : F94;
    11781 : F94;
    11782 : F94;
    11783 : F94;
    11784 : F94;
    11785 : F94;
    11786 : F94;
    11787 : F94;
    11788 : F94;
    11789 : F94;
    11790 : F94;
    11791 : F94;
    11792 : F94;
    11793 : F94;
    11794 : F94;
    11795 : F94;
    11796 : F94;
    11797 : F94;
    11798 : F94;
    11799 : F94;
    11800 : F94;
    11801 : F94;
    11802 : F94;
    11803 : FB4;
    11804 : FB5;
    11805 : FB4;
    11806 : FB4;
    11807 : F94;
    11808 : F94;
    11809 : F94;
    11810 : F94;
    11811 : F94;
    11812 : F94;
    11813 : F94;
    11814 : F94;
    11815 : F94;
    11816 : F94;
    11817 : F94;
    11818 : F94;
    11819 : F94;
    11820 : F94;
    11821 : F94;
    11822 : F94;
    11823 : F94;
    11824 : F94;
    11825 : F94;
    11826 : F94;
    11827 : F94;
    11828 : F94;
    11829 : A44;
    11830 : B44;
    11831 : 323;
    11832 : 834;
    11833 : F91;
    11834 : FC4;
    11835 : FD6;
    11836 : FA2;
    11837 : 323;
    11838 : 424;
    11839 : 834;
    11840 : 834;
    11841 : 313;
    11842 : A44;
    11843 : A44;
    11844 : D54;
    11845 : C54;
    11846 : E64;
    11847 : C54;
    11848 : 633;
    11849 : A44;
    11850 : B44;
    11851 : 213;
    11852 : A54;
    11853 : 523;
    11854 : 933;
    11855 : 933;
    11856 : 923;
    11857 : 933;
    11858 : A43;
    11859 : 933;
    11860 : 933;
    11861 : A33;
    11862 : 943;
    11863 : F94;
    11864 : F94;
    11865 : F94;
    11866 : F94;
    11867 : F94;
    11868 : F94;
    11869 : F94;
    11870 : F94;
    11871 : F94;
    11872 : F94;
    11873 : F94;
    11874 : F94;
    11875 : F94;
    11876 : F94;
    11877 : F94;
    11878 : F94;
    11879 : F94;
    11880 : F94;
    11881 : F94;
    11882 : F94;
    11883 : F94;
    11884 : F94;
    11885 : F94;
    11886 : F94;
    11887 : F94;
    11888 : F94;
    11889 : F94;
    11890 : F94;
    11891 : F94;
    11892 : F94;
    11893 : F94;
    11894 : F94;
    11895 : F94;
    11896 : F94;
    11897 : F94;
    11898 : F94;
    11899 : F94;
    11900 : F94;
    11901 : F94;
    11902 : F94;
    11903 : F94;
    11904 : F94;
    11905 : F94;
    11906 : F94;
    11907 : F94;
    11908 : F94;
    11909 : F94;
    11910 : F94;
    11911 : F94;
    11912 : F94;
    11913 : F94;
    11914 : F94;
    11915 : F94;
    11916 : F94;
    11917 : F94;
    11918 : F94;
    11919 : F94;
    11920 : F94;
    11921 : F94;
    11922 : F94;
    11923 : F94;
    11924 : F94;
    11925 : F94;
    11926 : F94;
    11927 : F94;
    11928 : F94;
    11929 : F94;
    11930 : F94;
    11931 : F94;
    11932 : F94;
    11933 : F94;
    11934 : F94;
    11935 : F94;
    11936 : F94;
    11937 : F94;
    11938 : F94;
    11939 : F94;
    11940 : F94;
    11941 : F94;
    11942 : F94;
    11943 : F94;
    11944 : F94;
    11945 : F94;
    11946 : F94;
    11947 : F94;
    11948 : F94;
    11949 : F94;
    11950 : F94;
    11951 : F94;
    11952 : F94;
    11953 : F94;
    11954 : F94;
    11955 : F94;
    11956 : F94;
    11957 : F94;
    11958 : F94;
    11959 : F94;
    11960 : FB4;
    11961 : F94;
    11962 : FA4;
    11963 : FB4;
    11964 : FA4;
    11965 : FA4;
    11966 : FB4;
    11967 : FB4;
    11968 : FB4;
    11969 : F94;
    11970 : F94;
    11971 : F94;
    11972 : F94;
    11973 : F94;
    11974 : F94;
    11975 : F94;
    11976 : F94;
    11977 : F94;
    11978 : F94;
    11979 : F94;
    11980 : F94;
    11981 : F94;
    11982 : F94;
    11983 : F94;
    11984 : F94;
    11985 : F94;
    11986 : F94;
    11987 : F94;
    11988 : F94;
    11989 : A44;
    11990 : B44;
    11991 : 423;
    11992 : 834;
    11993 : F92;
    11994 : F81;
    11995 : F92;
    11996 : F72;
    11997 : 322;
    11998 : 413;
    11999 : 834;
    12000 : 834;
    12001 : 313;
    12002 : 424;
    12003 : 414;
    12004 : 313;
    12005 : 424;
    12006 : 314;
    12007 : 524;
    12008 : 523;
    12009 : A34;
    12010 : A44;
    12011 : 213;
    12012 : F94;
    12013 : 423;
    12014 : 933;
    12015 : 623;
    12016 : 623;
    12017 : 633;
    12018 : 834;
    12019 : 613;
    12020 : FC6;
    12021 : 933;
    12022 : 943;
    12023 : F94;
    12024 : F94;
    12025 : F94;
    12026 : F94;
    12027 : F94;
    12028 : F94;
    12029 : F94;
    12030 : F94;
    12031 : F94;
    12032 : F94;
    12033 : F94;
    12034 : F94;
    12035 : F94;
    12036 : F94;
    12037 : F94;
    12038 : F94;
    12039 : F94;
    12040 : F94;
    12041 : F94;
    12042 : F94;
    12043 : F94;
    12044 : F94;
    12045 : F94;
    12046 : F94;
    12047 : F94;
    12048 : F94;
    12049 : F94;
    12050 : F94;
    12051 : F94;
    12052 : F94;
    12053 : F94;
    12054 : F94;
    12055 : F94;
    12056 : F94;
    12057 : F94;
    12058 : F94;
    12059 : F94;
    12060 : F94;
    12061 : F94;
    12062 : F94;
    12063 : F94;
    12064 : F94;
    12065 : F94;
    12066 : F94;
    12067 : F94;
    12068 : F94;
    12069 : F94;
    12070 : F94;
    12071 : F94;
    12072 : F94;
    12073 : F94;
    12074 : F94;
    12075 : F94;
    12076 : F94;
    12077 : F94;
    12078 : F94;
    12079 : F94;
    12080 : F94;
    12081 : F94;
    12082 : F94;
    12083 : F94;
    12084 : F94;
    12085 : F94;
    12086 : F94;
    12087 : F94;
    12088 : F94;
    12089 : F94;
    12090 : F94;
    12091 : F94;
    12092 : F94;
    12093 : F94;
    12094 : F94;
    12095 : F94;
    12096 : F94;
    12097 : F94;
    12098 : F94;
    12099 : F94;
    12100 : F94;
    12101 : F94;
    12102 : F94;
    12103 : F94;
    12104 : F94;
    12105 : F94;
    12106 : F94;
    12107 : F94;
    12108 : F94;
    12109 : F94;
    12110 : F94;
    12111 : F94;
    12112 : F94;
    12113 : F94;
    12114 : F94;
    12115 : F94;
    12116 : F94;
    12117 : F94;
    12118 : FB4;
    12119 : FB4;
    12120 : FA4;
    12121 : FA4;
    12122 : FA4;
    12123 : FA4;
    12124 : FA4;
    12125 : FA4;
    12126 : FA4;
    12127 : FA4;
    12128 : FA4;
    12129 : FA4;
    12130 : FA4;
    12131 : F94;
    12132 : F94;
    12133 : F94;
    12134 : F94;
    12135 : F94;
    12136 : F94;
    12137 : F94;
    12138 : F94;
    12139 : F94;
    12140 : F94;
    12141 : F94;
    12142 : F94;
    12143 : F94;
    12144 : F94;
    12145 : F94;
    12146 : F94;
    12147 : F94;
    12148 : F94;
    12149 : A43;
    12150 : B44;
    12151 : 424;
    12152 : 834;
    12153 : D42;
    12154 : B31;
    12155 : 921;
    12156 : A31;
    12157 : 323;
    12158 : 524;
    12159 : 834;
    12160 : 734;
    12161 : 834;
    12162 : 624;
    12163 : 734;
    12164 : 734;
    12165 : 724;
    12166 : 724;
    12167 : 834;
    12168 : A44;
    12169 : 934;
    12170 : A44;
    12171 : 113;
    12172 : F94;
    12173 : 413;
    12174 : 933;
    12175 : 523;
    12176 : E85;
    12177 : F84;
    12178 : F85;
    12179 : E85;
    12180 : 933;
    12181 : 833;
    12182 : 943;
    12183 : F94;
    12184 : FA4;
    12185 : FA4;
    12186 : FA4;
    12187 : FA4;
    12188 : F94;
    12189 : F94;
    12190 : F94;
    12191 : F94;
    12192 : F94;
    12193 : F94;
    12194 : F94;
    12195 : F94;
    12196 : F94;
    12197 : F94;
    12198 : F94;
    12199 : F94;
    12200 : F94;
    12201 : F94;
    12202 : F94;
    12203 : F94;
    12204 : F94;
    12205 : F94;
    12206 : F94;
    12207 : F94;
    12208 : F94;
    12209 : F94;
    12210 : F94;
    12211 : F94;
    12212 : F94;
    12213 : F94;
    12214 : F94;
    12215 : F94;
    12216 : F94;
    12217 : F94;
    12218 : F94;
    12219 : F94;
    12220 : F94;
    12221 : F94;
    12222 : F94;
    12223 : F94;
    12224 : F94;
    12225 : F94;
    12226 : F94;
    12227 : F94;
    12228 : F94;
    12229 : F94;
    12230 : F94;
    12231 : F94;
    12232 : F94;
    12233 : F94;
    12234 : F94;
    12235 : F94;
    12236 : F94;
    12237 : F94;
    12238 : F94;
    12239 : F94;
    12240 : F94;
    12241 : F94;
    12242 : F94;
    12243 : F94;
    12244 : F94;
    12245 : F94;
    12246 : F94;
    12247 : F94;
    12248 : F94;
    12249 : F94;
    12250 : F94;
    12251 : F94;
    12252 : F94;
    12253 : F94;
    12254 : F94;
    12255 : F94;
    12256 : F94;
    12257 : F94;
    12258 : F94;
    12259 : F94;
    12260 : F94;
    12261 : F94;
    12262 : F94;
    12263 : F94;
    12264 : F94;
    12265 : F94;
    12266 : F94;
    12267 : F94;
    12268 : F94;
    12269 : F94;
    12270 : F94;
    12271 : F94;
    12272 : F94;
    12273 : F93;
    12274 : F94;
    12275 : F94;
    12276 : F94;
    12277 : F94;
    12278 : F94;
    12279 : F94;
    12280 : F94;
    12281 : F94;
    12282 : F94;
    12283 : F94;
    12284 : F94;
    12285 : F94;
    12286 : F94;
    12287 : F94;
    12288 : F94;
    12289 : F94;
    12290 : F94;
    12291 : F94;
    12292 : F94;
    12293 : F94;
    12294 : F94;
    12295 : F94;
    12296 : F94;
    12297 : F94;
    12298 : F94;
    12299 : F94;
    12300 : F94;
    12301 : F94;
    12302 : F94;
    12303 : D74;
    12304 : F94;
    12305 : F94;
    12306 : F94;
    12307 : F94;
    12308 : FA5;
    12309 : F95;
    12310 : E64;
    12311 : 313;
    12312 : E75;
    12313 : F75;
    12314 : F74;
    12315 : E63;
    12316 : B44;
    12317 : A44;
    12318 : 524;
    12319 : 834;
    12320 : 834;
    12321 : 734;
    12322 : 734;
    12323 : 834;
    12324 : 734;
    12325 : 834;
    12326 : 834;
    12327 : 934;
    12328 : 934;
    12329 : 934;
    12330 : A44;
    12331 : 113;
    12332 : F94;
    12333 : 423;
    12334 : 933;
    12335 : 923;
    12336 : F74;
    12337 : F84;
    12338 : F84;
    12339 : E74;
    12340 : B54;
    12341 : A33;
    12342 : 944;
    12343 : F94;
    12344 : FA4;
    12345 : F94;
    12346 : FA4;
    12347 : FA4;
    12348 : F94;
    12349 : F94;
    12350 : FA4;
    12351 : F94;
    12352 : F94;
    12353 : F94;
    12354 : F94;
    12355 : F94;
    12356 : F94;
    12357 : F94;
    12358 : FA4;
    12359 : F94;
    12360 : F94;
    12361 : F94;
    12362 : FA4;
    12363 : F94;
    12364 : F94;
    12365 : F94;
    12366 : F94;
    12367 : F94;
    12368 : F94;
    12369 : F94;
    12370 : F94;
    12371 : F94;
    12372 : F94;
    12373 : F94;
    12374 : F94;
    12375 : F94;
    12376 : F94;
    12377 : F94;
    12378 : F94;
    12379 : F94;
    12380 : F94;
    12381 : F94;
    12382 : F94;
    12383 : F94;
    12384 : F94;
    12385 : F94;
    12386 : F94;
    12387 : F94;
    12388 : F94;
    12389 : F94;
    12390 : F94;
    12391 : F94;
    12392 : F94;
    12393 : F94;
    12394 : F94;
    12395 : F94;
    12396 : F94;
    12397 : F94;
    12398 : F94;
    12399 : F94;
    12400 : F94;
    12401 : F94;
    12402 : F94;
    12403 : F94;
    12404 : F94;
    12405 : F94;
    12406 : F94;
    12407 : F94;
    12408 : F94;
    12409 : F94;
    12410 : F94;
    12411 : F94;
    12412 : F94;
    12413 : F94;
    12414 : F94;
    12415 : F94;
    12416 : F94;
    12417 : F94;
    12418 : F94;
    12419 : F94;
    12420 : F94;
    12421 : F94;
    12422 : F94;
    12423 : F94;
    12424 : F94;
    12425 : F94;
    12426 : F94;
    12427 : F94;
    12428 : F94;
    12429 : F94;
    12430 : F94;
    12431 : F94;
    12432 : F94;
    12433 : F94;
    12434 : F94;
    12435 : F94;
    12436 : F94;
    12437 : F94;
    12438 : F94;
    12439 : F94;
    12440 : F94;
    12441 : F94;
    12442 : F94;
    12443 : F94;
    12444 : F94;
    12445 : F94;
    12446 : F94;
    12447 : F94;
    12448 : F94;
    12449 : F94;
    12450 : F94;
    12451 : F94;
    12452 : F94;
    12453 : F94;
    12454 : F94;
    12455 : F94;
    12456 : F94;
    12457 : F94;
    12458 : F94;
    12459 : F94;
    12460 : F94;
    12461 : F94;
    12462 : F94;
    12463 : 833;
    12464 : FB5;
    12465 : FA3;
    12466 : FA4;
    12467 : FA5;
    12468 : 423;
    12469 : A34;
    12470 : A44;
    12471 : 524;
    12472 : 834;
    12473 : 734;
    12474 : 734;
    12475 : 524;
    12476 : 734;
    12477 : 624;
    12478 : 524;
    12479 : 834;
    12480 : 724;
    12481 : 624;
    12482 : 624;
    12483 : 423;
    12484 : 963;
    12485 : 753;
    12486 : 834;
    12487 : 834;
    12488 : A43;
    12489 : 834;
    12490 : A44;
    12491 : 113;
    12492 : F94;
    12493 : 313;
    12494 : 833;
    12495 : F96;
    12496 : A55;
    12497 : 844;
    12498 : 944;
    12499 : 934;
    12500 : FA6;
    12501 : 933;
    12502 : 943;
    12503 : F94;
    12504 : FA4;
    12505 : FA4;
    12506 : FA4;
    12507 : FA4;
    12508 : FA4;
    12509 : FA4;
    12510 : FB4;
    12511 : FA4;
    12512 : FB4;
    12513 : F94;
    12514 : FA4;
    12515 : F94;
    12516 : F94;
    12517 : F94;
    12518 : F94;
    12519 : F94;
    12520 : F94;
    12521 : F94;
    12522 : F94;
    12523 : F94;
    12524 : F94;
    12525 : F94;
    12526 : F94;
    12527 : F94;
    12528 : F94;
    12529 : F94;
    12530 : F94;
    12531 : F94;
    12532 : F94;
    12533 : F94;
    12534 : F94;
    12535 : F94;
    12536 : F94;
    12537 : F94;
    12538 : F94;
    12539 : F94;
    12540 : F94;
    12541 : F94;
    12542 : F94;
    12543 : F94;
    12544 : F94;
    12545 : F94;
    12546 : F94;
    12547 : F94;
    12548 : F94;
    12549 : F94;
    12550 : F94;
    12551 : F94;
    12552 : F94;
    12553 : F94;
    12554 : F94;
    12555 : F94;
    12556 : F94;
    12557 : F94;
    12558 : F94;
    12559 : F94;
    12560 : F94;
    12561 : F94;
    12562 : F94;
    12563 : F94;
    12564 : F94;
    12565 : F94;
    12566 : F94;
    12567 : F94;
    12568 : F94;
    12569 : F94;
    12570 : F94;
    12571 : F94;
    12572 : F94;
    12573 : F94;
    12574 : F94;
    12575 : F94;
    12576 : F94;
    12577 : F94;
    12578 : F94;
    12579 : F94;
    12580 : F94;
    12581 : F94;
    12582 : F94;
    12583 : F94;
    12584 : F94;
    12585 : F94;
    12586 : F94;
    12587 : F94;
    12588 : F94;
    12589 : F94;
    12590 : F94;
    12591 : F94;
    12592 : F94;
    12593 : F94;
    12594 : F94;
    12595 : F94;
    12596 : F94;
    12597 : F94;
    12598 : F94;
    12599 : F94;
    12600 : F94;
    12601 : F94;
    12602 : F94;
    12603 : F94;
    12604 : F94;
    12605 : F94;
    12606 : F94;
    12607 : F94;
    12608 : F94;
    12609 : F94;
    12610 : F94;
    12611 : F94;
    12612 : F94;
    12613 : F94;
    12614 : F94;
    12615 : F94;
    12616 : F94;
    12617 : F94;
    12618 : F94;
    12619 : F94;
    12620 : F94;
    12621 : F94;
    12622 : FA4;
    12623 : 734;
    12624 : 312;
    12625 : 422;
    12626 : 633;
    12627 : 643;
    12628 : 312;
    12629 : A45;
    12630 : B44;
    12631 : A44;
    12632 : 523;
    12633 : 834;
    12634 : 834;
    12635 : 724;
    12636 : 624;
    12637 : 524;
    12638 : 734;
    12639 : 734;
    12640 : 534;
    12641 : 743;
    12642 : 643;
    12643 : 843;
    12644 : 853;
    12645 : 853;
    12646 : 634;
    12647 : B73;
    12648 : 533;
    12649 : C83;
    12650 : 834;
    12651 : 113;
    12652 : F94;
    12653 : 423;
    12654 : 833;
    12655 : 823;
    12656 : 313;
    12657 : 413;
    12658 : 413;
    12659 : 423;
    12660 : A33;
    12661 : A33;
    12662 : 843;
    12663 : FA4;
    12664 : FA4;
    12665 : FA4;
    12666 : FA4;
    12667 : FA4;
    12668 : FA4;
    12669 : FA4;
    12670 : FA4;
    12671 : FA4;
    12672 : FA4;
    12673 : FA4;
    12674 : F94;
    12675 : F94;
    12676 : F94;
    12677 : F94;
    12678 : F94;
    12679 : FA4;
    12680 : F94;
    12681 : F94;
    12682 : FA4;
    12683 : FA4;
    12684 : FA4;
    12685 : F94;
    12686 : F94;
    12687 : F94;
    12688 : F94;
    12689 : F94;
    12690 : F94;
    12691 : F94;
    12692 : F94;
    12693 : F94;
    12694 : F94;
    12695 : F94;
    12696 : F94;
    12697 : F94;
    12698 : F94;
    12699 : F94;
    12700 : F94;
    12701 : F94;
    12702 : F94;
    12703 : F94;
    12704 : F94;
    12705 : F94;
    12706 : F94;
    12707 : F94;
    12708 : F94;
    12709 : F94;
    12710 : F94;
    12711 : F94;
    12712 : F94;
    12713 : F94;
    12714 : F94;
    12715 : F94;
    12716 : F94;
    12717 : F94;
    12718 : F94;
    12719 : F94;
    12720 : F94;
    12721 : F94;
    12722 : F94;
    12723 : F94;
    12724 : F94;
    12725 : F94;
    12726 : F94;
    12727 : F94;
    12728 : F94;
    12729 : F94;
    12730 : F94;
    12731 : F94;
    12732 : F94;
    12733 : F94;
    12734 : F94;
    12735 : F94;
    12736 : F94;
    12737 : F94;
    12738 : F94;
    12739 : F94;
    12740 : F94;
    12741 : F94;
    12742 : F94;
    12743 : F94;
    12744 : F94;
    12745 : F94;
    12746 : F94;
    12747 : F94;
    12748 : F94;
    12749 : F94;
    12750 : F94;
    12751 : F94;
    12752 : F94;
    12753 : F94;
    12754 : F94;
    12755 : F94;
    12756 : F94;
    12757 : F94;
    12758 : F94;
    12759 : F94;
    12760 : F94;
    12761 : F94;
    12762 : F94;
    12763 : F94;
    12764 : F94;
    12765 : F94;
    12766 : F94;
    12767 : F94;
    12768 : F94;
    12769 : F94;
    12770 : F94;
    12771 : F94;
    12772 : F94;
    12773 : FA4;
    12774 : FA4;
    12775 : F94;
    12776 : F94;
    12777 : F94;
    12778 : F94;
    12779 : F94;
    12780 : FA4;
    12781 : FA4;
    12782 : F94;
    12783 : 423;
    12784 : FA5;
    12785 : FA4;
    12786 : FA4;
    12787 : FA4;
    12788 : FA5;
    12789 : A34;
    12790 : A44;
    12791 : A44;
    12792 : 944;
    12793 : 934;
    12794 : 834;
    12795 : 834;
    12796 : 834;
    12797 : 624;
    12798 : 734;
    12799 : 734;
    12800 : 633;
    12801 : 633;
    12802 : 643;
    12803 : 533;
    12804 : 853;
    12805 : 633;
    12806 : 643;
    12807 : 843;
    12808 : 644;
    12809 : 743;
    12810 : 743;
    12811 : 223;
    12812 : F94;
    12813 : 313;
    12814 : 523;
    12815 : 623;
    12816 : 723;
    12817 : 723;
    12818 : 723;
    12819 : 623;
    12820 : 723;
    12821 : 823;
    12822 : 313;
    12823 : FA4;
    12824 : FA4;
    12825 : FA4;
    12826 : FA4;
    12827 : FA4;
    12828 : FA4;
    12829 : FA4;
    12830 : FA4;
    12831 : F94;
    12832 : F94;
    12833 : F94;
    12834 : F94;
    12835 : F94;
    12836 : F94;
    12837 : F94;
    12838 : F94;
    12839 : FA4;
    12840 : FA4;
    12841 : FA4;
    12842 : FA4;
    12843 : FA4;
    12844 : FA4;
    12845 : F94;
    12846 : FA4;
    12847 : F94;
    12848 : F94;
    12849 : F94;
    12850 : F94;
    12851 : FA4;
    12852 : F94;
    12853 : F94;
    12854 : F94;
    12855 : F94;
    12856 : F94;
    12857 : F94;
    12858 : F94;
    12859 : F94;
    12860 : F94;
    12861 : F94;
    12862 : F94;
    12863 : F94;
    12864 : F94;
    12865 : F94;
    12866 : F94;
    12867 : F94;
    12868 : F94;
    12869 : F94;
    12870 : F94;
    12871 : F94;
    12872 : F94;
    12873 : F94;
    12874 : F94;
    12875 : F94;
    12876 : F94;
    12877 : F94;
    12878 : F94;
    12879 : F94;
    12880 : F94;
    12881 : F94;
    12882 : F94;
    12883 : F94;
    12884 : F94;
    12885 : F94;
    12886 : F94;
    12887 : F94;
    12888 : F94;
    12889 : F94;
    12890 : F94;
    12891 : F94;
    12892 : F94;
    12893 : F94;
    12894 : F94;
    12895 : F94;
    12896 : F94;
    12897 : F94;
    12898 : F94;
    12899 : F94;
    12900 : F94;
    12901 : F94;
    12902 : F94;
    12903 : F94;
    12904 : F94;
    12905 : F94;
    12906 : F94;
    12907 : F94;
    12908 : F94;
    12909 : F94;
    12910 : F94;
    12911 : F94;
    12912 : F94;
    12913 : F94;
    12914 : F94;
    12915 : F94;
    12916 : FA4;
    12917 : F94;
    12918 : F94;
    12919 : F94;
    12920 : F94;
    12921 : F94;
    12922 : F94;
    12923 : F94;
    12924 : F94;
    12925 : F94;
    12926 : FA4;
    12927 : FA4;
    12928 : FA4;
    12929 : F94;
    12930 : F94;
    12931 : F94;
    12932 : FA4;
    12933 : F94;
    12934 : FA4;
    12935 : F94;
    12936 : FA4;
    12937 : F94;
    12938 : FA4;
    12939 : F94;
    12940 : FA4;
    12941 : FA4;
    12942 : B64;
    12943 : 313;
    12944 : 212;
    12945 : F94;
    12946 : FA4;
    12947 : 733;
    12948 : F93;
    12949 : D64;
    12950 : B54;
    12951 : 513;
    12952 : A44;
    12953 : A44;
    12954 : 834;
    12955 : 834;
    12956 : 724;
    12957 : 624;
    12958 : 624;
    12959 : 624;
    12960 : 424;
    12961 : 323;
    12962 : 523;
    12963 : 423;
    12964 : 423;
    12965 : 423;
    12966 : 534;
    12967 : 534;
    12968 : 533;
    12969 : 533;
    12970 : 523;
    12971 : 213;
    12972 : FA4;
    12973 : F93;
    12974 : F94;
    12975 : F94;
    12976 : F94;
    12977 : F93;
    12978 : F93;
    12979 : F93;
    12980 : F93;
    12981 : F93;
    12982 : FA4;
    12983 : FA4;
    12984 : FA4;
    12985 : FA4;
    12986 : FA4;
    12987 : FA4;
    12988 : FA4;
    12989 : FA4;
    12990 : FA4;
    12991 : F94;
    12992 : FA4;
    12993 : FA4;
    12994 : FA4;
    12995 : FA4;
    12996 : FA4;
    12997 : FA4;
    12998 : FA4;
    12999 : FA4;
    13000 : FA4;
    13001 : FA4;
    13002 : FA4;
    13003 : FA4;
    13004 : FA4;
    13005 : FA4;
    13006 : F94;
    13007 : F94;
    13008 : F94;
    13009 : F94;
    13010 : F94;
    13011 : F94;
    13012 : F94;
    13013 : F94;
    13014 : F94;
    13015 : F94;
    13016 : F94;
    13017 : F94;
    13018 : F94;
    13019 : F94;
    13020 : F94;
    13021 : F94;
    13022 : F94;
    13023 : F94;
    13024 : F94;
    13025 : F94;
    13026 : F94;
    13027 : F94;
    13028 : F94;
    13029 : FA4;
    13030 : F94;
    13031 : F94;
    13032 : F94;
    13033 : F94;
    13034 : F94;
    13035 : F94;
    13036 : F94;
    13037 : F94;
    13038 : F94;
    13039 : F94;
    13040 : F94;
    13041 : F94;
    13042 : F94;
    13043 : F94;
    13044 : F94;
    13045 : F94;
    13046 : F94;
    13047 : F94;
    13048 : F94;
    13049 : F94;
    13050 : F94;
    13051 : F94;
    13052 : F94;
    13053 : F94;
    13054 : F94;
    13055 : F94;
    13056 : F94;
    13057 : F94;
    13058 : F94;
    13059 : F94;
    13060 : F94;
    13061 : F94;
    13062 : F94;
    13063 : F94;
    13064 : F94;
    13065 : F94;
    13066 : F94;
    13067 : F94;
    13068 : F94;
    13069 : F94;
    13070 : F94;
    13071 : F94;
    13072 : F94;
    13073 : F94;
    13074 : FA4;
    13075 : F94;
    13076 : F94;
    13077 : FA4;
    13078 : F94;
    13079 : F94;
    13080 : F94;
    13081 : F94;
    13082 : F94;
    13083 : F94;
    13084 : F94;
    13085 : FA4;
    13086 : FA4;
    13087 : FA4;
    13088 : FA4;
    13089 : FA4;
    13090 : FA4;
    13091 : FA4;
    13092 : FA4;
    13093 : FA4;
    13094 : FA4;
    13095 : F94;
    13096 : FA4;
    13097 : F94;
    13098 : F94;
    13099 : FA4;
    13100 : FA4;
    13101 : F94;
    13102 : B44;
    13103 : 723;
    13104 : 624;
    13105 : 423;
    13106 : F93;
    13107 : F94;
    13108 : 323;
    13109 : A34;
    13110 : A44;
    13111 : 834;
    13112 : 934;
    13113 : A34;
    13114 : A44;
    13115 : 834;
    13116 : 834;
    13117 : 834;
    13118 : 934;
    13119 : 724;
    13120 : 524;
    13121 : 624;
    13122 : 624;
    13123 : 624;
    13124 : 624;
    13125 : 624;
    13126 : 724;
    13127 : 724;
    13128 : 724;
    13129 : 824;
    13130 : 724;
    13131 : 723;
    13132 : 834;
    13133 : FA4;
    13134 : FA4;
    13135 : F94;
    13136 : FA4;
    13137 : FA4;
    13138 : FA4;
    13139 : FA4;
    13140 : FA4;
    13141 : FA4;
    13142 : FA4;
    13143 : FA4;
    13144 : FA4;
    13145 : FA4;
    13146 : FA4;
    13147 : FA4;
    13148 : FA4;
    13149 : FA4;
    13150 : FA4;
    13151 : FA4;
    13152 : FA4;
    13153 : FA4;
    13154 : FA4;
    13155 : FA4;
    13156 : FA4;
    13157 : FA4;
    13158 : FA4;
    13159 : FA4;
    13160 : FA4;
    13161 : FA4;
    13162 : FA4;
    13163 : FA4;
    13164 : FA4;
    13165 : FA4;
    13166 : F94;
    13167 : F94;
    13168 : F94;
    13169 : FA4;
    13170 : FA4;
    13171 : FA4;
    13172 : F94;
    13173 : FA4;
    13174 : F94;
    13175 : F94;
    13176 : F94;
    13177 : FA4;
    13178 : FA4;
    13179 : F94;
    13180 : F94;
    13181 : F94;
    13182 : F94;
    13183 : F94;
    13184 : F94;
    13185 : F94;
    13186 : F94;
    13187 : F94;
    13188 : F94;
    13189 : F94;
    13190 : F94;
    13191 : F94;
    13192 : F94;
    13193 : F94;
    13194 : F94;
    13195 : F94;
    13196 : F94;
    13197 : F94;
    13198 : F94;
    13199 : F94;
    13200 : F94;
    13201 : F94;
    13202 : F94;
    13203 : F94;
    13204 : F94;
    13205 : F94;
    13206 : F94;
    13207 : F94;
    13208 : F94;
    13209 : F94;
    13210 : F94;
    13211 : F94;
    13212 : F94;
    13213 : F94;
    13214 : F94;
    13215 : F94;
    13216 : F94;
    13217 : F94;
    13218 : F94;
    13219 : F94;
    13220 : F94;
    13221 : F94;
    13222 : F94;
    13223 : F94;
    13224 : F94;
    13225 : F94;
    13226 : F94;
    13227 : F94;
    13228 : F94;
    13229 : F94;
    13230 : F94;
    13231 : FA4;
    13232 : FA4;
    13233 : FA4;
    13234 : FA4;
    13235 : F94;
    13236 : F94;
    13237 : FA4;
    13238 : F94;
    13239 : F94;
    13240 : F94;
    13241 : F94;
    13242 : F94;
    13243 : F94;
    13244 : FA4;
    13245 : FA4;
    13246 : FA4;
    13247 : FA4;
    13248 : FA4;
    13249 : F94;
    13250 : F94;
    13251 : FA4;
    13252 : F94;
    13253 : FA4;
    13254 : FA4;
    13255 : F94;
    13256 : FA4;
    13257 : FA4;
    13258 : FA4;
    13259 : FA4;
    13260 : FA4;
    13261 : 212;
    13262 : 323;
    13263 : 313;
    13264 : 423;
    13265 : 413;
    13266 : FA4;
    13267 : FA4;
    13268 : F94;
    13269 : A34;
    13270 : A44;
    13271 : 724;
    13272 : A34;
    13273 : A44;
    13274 : 934;
    13275 : 834;
    13276 : 934;
    13277 : 934;
    13278 : 934;
    13279 : 724;
    13280 : 624;
    13281 : 524;
    13282 : 524;
    13283 : 524;
    13284 : 624;
    13285 : 624;
    13286 : 623;
    13287 : 724;
    13288 : 724;
    13289 : 724;
    13290 : 724;
    13291 : 724;
    13292 : C55;
    13293 : F94;
    13294 : FA4;
    13295 : FA4;
    13296 : FA4;
    13297 : FA4;
    13298 : FA4;
    13299 : FA4;
    13300 : FA4;
    13301 : FA4;
    13302 : FA4;
    13303 : FA4;
    13304 : FA4;
    13305 : FA4;
    13306 : FA4;
    13307 : FA4;
    13308 : FA4;
    13309 : FA4;
    13310 : FA4;
    13311 : FA4;
    13312 : FA4;
    13313 : FA4;
    13314 : FA4;
    13315 : FA4;
    13316 : FA4;
    13317 : FA4;
    13318 : FA4;
    13319 : FA4;
    13320 : FA4;
    13321 : FA4;
    13322 : FA4;
    13323 : FA4;
    13324 : FA4;
    13325 : FA4;
    13326 : FA4;
    13327 : F94;
    13328 : FA4;
    13329 : FA4;
    13330 : FA4;
    13331 : FA4;
    13332 : F84;
    13333 : FA4;
    13334 : F94;
    13335 : FA4;
    13336 : F94;
    13337 : F94;
    13338 : F94;
    13339 : F94;
    13340 : F94;
    13341 : F94;
    13342 : F94;
    13343 : F94;
    13344 : F94;
    13345 : F94;
    13346 : F94;
    13347 : F94;
    13348 : F94;
    13349 : F94;
    13350 : F94;
    13351 : F94;
    13352 : F94;
    13353 : F94;
    13354 : F94;
    13355 : F94;
    13356 : F94;
    13357 : F94;
    13358 : F94;
    13359 : F94;
    13360 : F94;
    13361 : F94;
    13362 : F94;
    13363 : F94;
    13364 : F94;
    13365 : F94;
    13366 : F94;
    13367 : F94;
    13368 : F94;
    13369 : F94;
    13370 : F94;
    13371 : F94;
    13372 : F94;
    13373 : F94;
    13374 : F94;
    13375 : F94;
    13376 : F94;
    13377 : F94;
    13378 : F94;
    13379 : F94;
    13380 : F94;
    13381 : F94;
    13382 : F94;
    13383 : F94;
    13384 : F94;
    13385 : F94;
    13386 : FA4;
    13387 : FA4;
    13388 : F94;
    13389 : F94;
    13390 : F94;
    13391 : F94;
    13392 : FA4;
    13393 : FA4;
    13394 : FA4;
    13395 : FA4;
    13396 : FA4;
    13397 : FA4;
    13398 : FA4;
    13399 : F94;
    13400 : F94;
    13401 : E74;
    13402 : E75;
    13403 : E75;
    13404 : E75;
    13405 : FA4;
    13406 : FA4;
    13407 : FA4;
    13408 : FA4;
    13409 : FA4;
    13410 : FA4;
    13411 : FA4;
    13412 : FA4;
    13413 : FA4;
    13414 : FA4;
    13415 : FA4;
    13416 : FA4;
    13417 : FA4;
    13418 : FA4;
    13419 : FA4;
    13420 : FA4;
    13421 : FA4;
    13422 : FA3;
    13423 : FC4;
    13424 : F81;
    13425 : 522;
    13426 : FA4;
    13427 : F94;
    13428 : F94;
    13429 : D64;
    13430 : C54;
    13431 : A34;
    13432 : 934;
    13433 : 724;
    13434 : 624;
    13435 : 624;
    13436 : 624;
    13437 : 524;
    13438 : 624;
    13439 : 524;
    13440 : 424;
    13441 : 524;
    13442 : 524;
    13443 : 323;
    13444 : 624;
    13445 : 624;
    13446 : 423;
    13447 : 524;
    13448 : 524;
    13449 : 313;
    13450 : 624;
    13451 : 734;
    13452 : E94;
    13453 : FA4;
    13454 : FA4;
    13455 : FA4;
    13456 : FA4;
    13457 : FA4;
    13458 : FA4;
    13459 : FA4;
    13460 : FA4;
    13461 : FA4;
    13462 : FA4;
    13463 : FA4;
    13464 : FA4;
    13465 : FA4;
    13466 : FA4;
    13467 : FA4;
    13468 : FA4;
    13469 : FA4;
    13470 : FA4;
    13471 : FA4;
    13472 : FA4;
    13473 : FA4;
    13474 : FA4;
    13475 : FA4;
    13476 : FA4;
    13477 : FA4;
    13478 : FA4;
    13479 : FA4;
    13480 : FA4;
    13481 : FA4;
    13482 : FA4;
    13483 : FA4;
    13484 : FA4;
    13485 : FA4;
    13486 : FA4;
    13487 : FA4;
    13488 : FA4;
    13489 : FA4;
    13490 : FA4;
    13491 : FA4;
    13492 : F75;
    13493 : FA4;
    13494 : FA4;
    13495 : FA4;
    13496 : FA4;
    13497 : F94;
    13498 : F94;
    13499 : F94;
    13500 : FA4;
    13501 : F94;
    13502 : F94;
    13503 : FA4;
    13504 : F94;
    13505 : F94;
    13506 : F94;
    13507 : F94;
    13508 : F94;
    13509 : F94;
    13510 : F94;
    13511 : F94;
    13512 : F94;
    13513 : F93;
    13514 : F93;
    13515 : F94;
    13516 : F94;
    13517 : F94;
    13518 : F94;
    13519 : F94;
    13520 : F94;
    13521 : F94;
    13522 : F94;
    13523 : F94;
    13524 : F94;
    13525 : F94;
    13526 : F94;
    13527 : FA4;
    13528 : FA4;
    13529 : F94;
    13530 : F94;
    13531 : F94;
    13532 : F94;
    13533 : F94;
    13534 : F94;
    13535 : F94;
    13536 : F94;
    13537 : F94;
    13538 : F94;
    13539 : FA4;
    13540 : F94;
    13541 : F94;
    13542 : F94;
    13543 : F94;
    13544 : F94;
    13545 : FA4;
    13546 : F94;
    13547 : FA4;
    13548 : FA4;
    13549 : F94;
    13550 : F94;
    13551 : FA4;
    13552 : FA4;
    13553 : FA4;
    13554 : FA4;
    13555 : FA4;
    13556 : FA4;
    13557 : FA4;
    13558 : FA4;
    13559 : F94;
    13560 : E75;
    13561 : E75;
    13562 : E75;
    13563 : E74;
    13564 : E75;
    13565 : E75;
    13566 : FA4;
    13567 : FA4;
    13568 : FA4;
    13569 : FA4;
    13570 : FA4;
    13571 : FA4;
    13572 : FA4;
    13573 : FA4;
    13574 : FA4;
    13575 : FA4;
    13576 : FA4;
    13577 : F94;
    13578 : FA4;
    13579 : FA4;
    13580 : FA4;
    13581 : FA4;
    13582 : FE7;
    13583 : FD6;
    13584 : F91;
    13585 : D84;
    13586 : FA4;
    13587 : FA4;
    13588 : FA4;
    13589 : 524;
    13590 : 624;
    13591 : 734;
    13592 : 424;
    13593 : 624;
    13594 : 624;
    13595 : 424;
    13596 : 624;
    13597 : 624;
    13598 : 735;
    13599 : 524;
    13600 : 824;
    13601 : 824;
    13602 : 824;
    13603 : 824;
    13604 : B35;
    13605 : B35;
    13606 : B45;
    13607 : 924;
    13608 : 824;
    13609 : 924;
    13610 : C45;
    13611 : C45;
    13612 : 532;
    13613 : FA4;
    13614 : FA4;
    13615 : FA4;
    13616 : FA4;
    13617 : FA4;
    13618 : FA4;
    13619 : FA4;
    13620 : FA4;
    13621 : FA4;
    13622 : FA4;
    13623 : FA4;
    13624 : FA4;
    13625 : FA4;
    13626 : FA4;
    13627 : FA4;
    13628 : FA4;
    13629 : FA4;
    13630 : FA4;
    13631 : FA4;
    13632 : FA4;
    13633 : FA4;
    13634 : F94;
    13635 : F94;
    13636 : F94;
    13637 : E65;
    13638 : FA4;
    13639 : FA4;
    13640 : FA4;
    13641 : FA4;
    13642 : FA4;
    13643 : FA4;
    13644 : FA4;
    13645 : FA4;
    13646 : FA4;
    13647 : FA4;
    13648 : FA4;
    13649 : FA4;
    13650 : FA4;
    13651 : FA4;
    13652 : F74;
    13653 : FA4;
    13654 : FA4;
    13655 : FA4;
    13656 : FA4;
    13657 : F94;
    13658 : FA4;
    13659 : F94;
    13660 : F94;
    13661 : FA4;
    13662 : FA4;
    13663 : F94;
    13664 : FA4;
    13665 : F94;
    13666 : F94;
    13667 : F94;
    13668 : F94;
    13669 : F94;
    13670 : F94;
    13671 : F94;
    13672 : F93;
    13673 : F93;
    13674 : F94;
    13675 : F93;
    13676 : F94;
    13677 : F93;
    13678 : F94;
    13679 : F94;
    13680 : F94;
    13681 : F94;
    13682 : F94;
    13683 : F94;
    13684 : FA4;
    13685 : F94;
    13686 : F94;
    13687 : F94;
    13688 : F94;
    13689 : F94;
    13690 : F94;
    13691 : F94;
    13692 : F94;
    13693 : FA4;
    13694 : F94;
    13695 : F94;
    13696 : F94;
    13697 : F94;
    13698 : F94;
    13699 : F94;
    13700 : FA4;
    13701 : FA4;
    13702 : F94;
    13703 : F94;
    13704 : F94;
    13705 : FA4;
    13706 : FA4;
    13707 : FA4;
    13708 : F94;
    13709 : FA4;
    13710 : FA4;
    13711 : FA4;
    13712 : FA4;
    13713 : FA4;
    13714 : FA4;
    13715 : FA4;
    13716 : FA4;
    13717 : FA4;
    13718 : FA4;
    13719 : FA3;
    13720 : E75;
    13721 : E65;
    13722 : E75;
    13723 : E64;
    13724 : E65;
    13725 : E65;
    13726 : F94;
    13727 : FA4;
    13728 : FA4;
    13729 : FA4;
    13730 : FA4;
    13731 : FA4;
    13732 : FA4;
    13733 : FA4;
    13734 : FA4;
    13735 : FA4;
    13736 : FA4;
    13737 : FA4;
    13738 : F94;
    13739 : F94;
    13740 : FA4;
    13741 : F94;
    13742 : E62;
    13743 : FC5;
    13744 : F71;
    13745 : FA4;
    13746 : FA4;
    13747 : F94;
    13748 : 853;
    13749 : B44;
    13750 : C45;
    13751 : C45;
    13752 : 924;
    13753 : 924;
    13754 : 924;
    13755 : B35;
    13756 : B35;
    13757 : B35;
    13758 : 724;
    13759 : 724;
    13760 : B35;
    13761 : A35;
    13762 : B34;
    13763 : B34;
    13764 : 934;
    13765 : E54;
    13766 : E55;
    13767 : D43;
    13768 : B34;
    13769 : B34;
    13770 : D43;
    13771 : F74;
    13772 : F74;
    13773 : D95;
    13774 : FA4;
    13775 : F74;
    13776 : FA4;
    13777 : FA4;
    13778 : FA4;
    13779 : FA4;
    13780 : FA4;
    13781 : FA4;
    13782 : FA4;
    13783 : FA4;
    13784 : FA4;
    13785 : FA4;
    13786 : FA4;
    13787 : FA4;
    13788 : FA4;
    13789 : FA4;
    13790 : FA4;
    13791 : FA4;
    13792 : FA4;
    13793 : FA4;
    13794 : F75;
    13795 : E65;
    13796 : E74;
    13797 : E75;
    13798 : FA4;
    13799 : FA4;
    13800 : FA4;
    13801 : FA4;
    13802 : FA4;
    13803 : FA4;
    13804 : FA4;
    13805 : FA4;
    13806 : FA4;
    13807 : FA4;
    13808 : FA4;
    13809 : FA4;
    13810 : FA4;
    13811 : FA4;
    13812 : F74;
    13813 : FA4;
    13814 : FA4;
    13815 : FA4;
    13816 : FA4;
    13817 : FA4;
    13818 : FA4;
    13819 : FA4;
    13820 : FA4;
    13821 : FA4;
    13822 : FA4;
    13823 : F94;
    13824 : FA4;
    13825 : FA4;
    13826 : FA4;
    13827 : F94;
    13828 : FA4;
    13829 : FA4;
    13830 : F94;
    13831 : F94;
    13832 : FA4;
    13833 : F94;
    13834 : FA4;
    13835 : F94;
    13836 : FA4;
    13837 : FA4;
    13838 : FA4;
    13839 : F94;
    13840 : F94;
    13841 : FA4;
    13842 : FA4;
    13843 : FA4;
    13844 : FA4;
    13845 : FA4;
    13846 : FA4;
    13847 : F94;
    13848 : F94;
    13849 : FA4;
    13850 : FA4;
    13851 : FA4;
    13852 : F93;
    13853 : FA4;
    13854 : FA4;
    13855 : F94;
    13856 : FA4;
    13857 : FA4;
    13858 : FA4;
    13859 : FA4;
    13860 : FA4;
    13861 : FA4;
    13862 : FA4;
    13863 : FA4;
    13864 : FA4;
    13865 : FA4;
    13866 : FA4;
    13867 : FA4;
    13868 : FA4;
    13869 : FA4;
    13870 : FA4;
    13871 : FA4;
    13872 : FA4;
    13873 : FA4;
    13874 : FA4;
    13875 : FA4;
    13876 : FA4;
    13877 : FA4;
    13878 : FA4;
    13879 : FA3;
    13880 : E75;
    13881 : F83;
    13882 : E75;
    13883 : E65;
    13884 : E65;
    13885 : E65;
    13886 : FA4;
    13887 : FA4;
    13888 : FA4;
    13889 : FA4;
    13890 : FA4;
    13891 : FA4;
    13892 : FA4;
    13893 : FA4;
    13894 : FA4;
    13895 : FA4;
    13896 : FA4;
    13897 : E64;
    13898 : E65;
    13899 : E65;
    13900 : FA4;
    13901 : FA4;
    13902 : FA4;
    13903 : F95;
    13904 : FA5;
    13905 : F94;
    13906 : F94;
    13907 : FA4;
    13908 : F94;
    13909 : F73;
    13910 : E54;
    13911 : B34;
    13912 : A24;
    13913 : B24;
    13914 : B34;
    13915 : E54;
    13916 : E54;
    13917 : E44;
    13918 : B34;
    13919 : B34;
    13920 : D45;
    13921 : D45;
    13922 : B34;
    13923 : C34;
    13924 : C34;
    13925 : F74;
    13926 : F74;
    13927 : F74;
    13928 : D44;
    13929 : C34;
    13930 : C34;
    13931 : F74;
    13932 : F74;
    13933 : F74;
    13934 : FA4;
    13935 : F74;
    13936 : FA4;
    13937 : FA4;
    13938 : FA4;
    13939 : FA4;
    13940 : E65;
    13941 : E65;
    13942 : E75;
    13943 : FA4;
    13944 : FA4;
    13945 : FA4;
    13946 : FA4;
    13947 : FA4;
    13948 : FA4;
    13949 : FA4;
    13950 : FA4;
    13951 : FA4;
    13952 : FA4;
    13953 : FA4;
    13954 : E74;
    13955 : E65;
    13956 : E64;
    13957 : E64;
    13958 : FA4;
    13959 : FA4;
    13960 : FA4;
    13961 : FA4;
    13962 : FA4;
    13963 : FA4;
    13964 : FA4;
    13965 : FA4;
    13966 : FA4;
    13967 : FA4;
    13968 : FA4;
    13969 : FA4;
    13970 : FA4;
    13971 : F74;
    13972 : F74;
    13973 : F74;
    13974 : FA4;
    13975 : FA4;
    13976 : FA4;
    13977 : FA4;
    13978 : FA4;
    13979 : FA4;
    13980 : FA4;
    13981 : FA4;
    13982 : FA4;
    13983 : FA4;
    13984 : FA4;
    13985 : FA4;
    13986 : FA4;
    13987 : FA4;
    13988 : FB4;
    13989 : FB4;
    13990 : FA4;
    13991 : F94;
    13992 : F94;
    13993 : FA4;
    13994 : FA4;
    13995 : FA4;
    13996 : FA4;
    13997 : F94;
    13998 : FA4;
    13999 : FA4;
    14000 : FA4;
    14001 : FA4;
    14002 : FA4;
    14003 : FA4;
    14004 : FA4;
    14005 : FA4;
    14006 : FA4;
    14007 : FA4;
    14008 : FA4;
    14009 : FA4;
    14010 : FA4;
    14011 : FA4;
    14012 : F94;
    14013 : FA4;
    14014 : FA4;
    14015 : FA4;
    14016 : FA4;
    14017 : F94;
    14018 : FA4;
    14019 : F94;
    14020 : FA4;
    14021 : FA4;
    14022 : FA4;
    14023 : F94;
    14024 : FA4;
    14025 : FA4;
    14026 : FA4;
    14027 : FA4;
    14028 : FA4;
    14029 : FA4;
    14030 : FA4;
    14031 : FA4;
    14032 : FA4;
    14033 : FA4;
    14034 : FA4;
    14035 : FA4;
    14036 : FA4;
    14037 : FA4;
    14038 : FA4;
    14039 : FA4;
    14040 : E65;
    14041 : E65;
    14042 : E64;
    14043 : E64;
    14044 : E65;
    14045 : E65;
    14046 : FA4;
    14047 : FA4;
    14048 : FA4;
    14049 : FA4;
    14050 : FA4;
    14051 : FA4;
    14052 : FA4;
    14053 : FA4;
    14054 : FA4;
    14055 : FA4;
    14056 : E64;
    14057 : E65;
    14058 : E65;
    14059 : E65;
    14060 : E65;
    14061 : FA4;
    14062 : FA4;
    14063 : F94;
    14064 : FA4;
    14065 : F94;
    14066 : F94;
    14067 : 743;
    14068 : F74;
    14069 : F73;
    14070 : F74;
    14071 : C34;
    14072 : C34;
    14073 : C34;
    14074 : F64;
    14075 : F64;
    14076 : F64;
    14077 : B34;
    14078 : B34;
    14079 : B34;
    14080 : D44;
    14081 : D44;
    14082 : D44;
    14083 : C34;
    14084 : C34;
    14085 : C44;
    14086 : F64;
    14087 : F74;
    14088 : F63;
    14089 : D34;
    14090 : D34;
    14091 : D44;
    14092 : F74;
    14093 : F74;
    14094 : 643;
    14095 : F84;
    14096 : F84;
    14097 : FA4;
    14098 : FA4;
    14099 : E65;
    14100 : E65;
    14101 : E65;
    14102 : E65;
    14103 : E65;
    14104 : FA4;
    14105 : FA4;
    14106 : FA4;
    14107 : FA4;
    14108 : FA4;
    14109 : FA4;
    14110 : FA4;
    14111 : FA4;
    14112 : FA4;
    14113 : FA4;
    14114 : E75;
    14115 : FA4;
    14116 : E65;
    14117 : E64;
    14118 : FA4;
    14119 : FA4;
    14120 : FA4;
    14121 : FA4;
    14122 : FA4;
    14123 : FA4;
    14124 : FA4;
    14125 : FA4;
    14126 : FA4;
    14127 : FA4;
    14128 : FA4;
    14129 : FA4;
    14130 : F74;
    14131 : F74;
    14132 : F74;
    14133 : F74;
    14134 : F74;
    14135 : FA4;
    14136 : FA4;
    14137 : FA4;
    14138 : FA4;
    14139 : FA4;
    14140 : FA4;
    14141 : FA4;
    14142 : FA4;
    14143 : FA4;
    14144 : FA4;
    14145 : FA4;
    14146 : FA4;
    14147 : FA4;
    14148 : FA4;
    14149 : FA4;
    14150 : FA4;
    14151 : F94;
    14152 : FA4;
    14153 : FA4;
    14154 : FA4;
    14155 : FA4;
    14156 : FA4;
    14157 : FA4;
    14158 : FA4;
    14159 : FA4;
    14160 : FA4;
    14161 : FA4;
    14162 : FA4;
    14163 : FA4;
    14164 : FA4;
    14165 : FA4;
    14166 : FA4;
    14167 : FA4;
    14168 : FA4;
    14169 : FA4;
    14170 : FA4;
    14171 : FA4;
    14172 : FA4;
    14173 : FA4;
    14174 : FA4;
    14175 : FA4;
    14176 : FA4;
    14177 : FA4;
    14178 : FA4;
    14179 : FA4;
    14180 : FA4;
    14181 : F94;
    14182 : FA3;
    14183 : E64;
    14184 : F94;
    14185 : FA4;
    14186 : FA4;
    14187 : FA4;
    14188 : FA4;
    14189 : FA4;
    14190 : FA4;
    14191 : FA4;
    14192 : FA4;
    14193 : FA4;
    14194 : FA4;
    14195 : FA4;
    14196 : FA4;
    14197 : FA4;
    14198 : FA4;
    14199 : FA3;
    14200 : E65;
    14201 : E65;
    14202 : E74;
    14203 : E64;
    14204 : E65;
    14205 : E65;
    14206 : FA4;
    14207 : FA4;
    14208 : FA4;
    14209 : FA4;
    14210 : FA4;
    14211 : FA4;
    14212 : FA4;
    14213 : FA4;
    14214 : FA4;
    14215 : FA4;
    14216 : E65;
    14217 : F64;
    14218 : E64;
    14219 : F74;
    14220 : E65;
    14221 : FA4;
    14222 : FA4;
    14223 : FA4;
    14224 : F94;
    14225 : F94;
    14226 : E94;
    14227 : F73;
    14228 : F73;
    14229 : F73;
    14230 : D34;
    14231 : D34;
    14232 : D34;
    14233 : B44;
    14234 : F64;
    14235 : F64;
    14236 : F64;
    14237 : C34;
    14238 : C34;
    14239 : C34;
    14240 : A34;
    14241 : A34;
    14242 : A34;
    14243 : 924;
    14244 : 924;
    14245 : 924;
    14246 : C44;
    14247 : C44;
    14248 : D44;
    14249 : A24;
    14250 : 924;
    14251 : 924;
    14252 : B34;
    14253 : B34;
    14254 : B44;
    14255 : F74;
    14256 : F84;
    14257 : FA4;
    14258 : FA4;
    14259 : E64;
    14260 : E65;
    14261 : E65;
    14262 : E64;
    14263 : E64;
    14264 : FA4;
    14265 : FA4;
    14266 : FA4;
    14267 : FA4;
    14268 : F84;
    14269 : F94;
    14270 : FA4;
    14271 : FA4;
    14272 : FA4;
    14273 : FA4;
    14274 : E64;
    14275 : F94;
    14276 : F64;
    14277 : E64;
    14278 : FA4;
    14279 : FA4;
    14280 : FA4;
    14281 : FA4;
    14282 : FA4;
    14283 : FA4;
    14284 : FA4;
    14285 : FA4;
    14286 : FA4;
    14287 : FA4;
    14288 : FA4;
    14289 : FA4;
    14290 : F74;
    14291 : F74;
    14292 : F74;
    14293 : F74;
    14294 : F74;
    14295 : FA4;
    14296 : FA4;
    14297 : FA4;
    14298 : FA4;
    14299 : FA4;
    14300 : FA4;
    14301 : FA4;
    14302 : FA4;
    14303 : FA4;
    14304 : FA4;
    14305 : FA4;
    14306 : FA4;
    14307 : FA4;
    14308 : FA4;
    14309 : FA4;
    14310 : FA4;
    14311 : FA4;
    14312 : FA4;
    14313 : FA4;
    14314 : FA4;
    14315 : FA4;
    14316 : FA4;
    14317 : FA4;
    14318 : FA4;
    14319 : FA4;
    14320 : FA4;
    14321 : FA4;
    14322 : FA4;
    14323 : FA4;
    14324 : FA4;
    14325 : FA4;
    14326 : FA4;
    14327 : FA4;
    14328 : FA4;
    14329 : FA4;
    14330 : FA4;
    14331 : FA4;
    14332 : FA4;
    14333 : FA4;
    14334 : FA4;
    14335 : FA4;
    14336 : FA4;
    14337 : FA4;
    14338 : FA4;
    14339 : FA4;
    14340 : FA4;
    14341 : E65;
    14342 : E65;
    14343 : E65;
    14344 : E65;
    14345 : E65;
    14346 : FA4;
    14347 : FA4;
    14348 : FA4;
    14349 : FA4;
    14350 : FA4;
    14351 : FA4;
    14352 : FA4;
    14353 : FA4;
    14354 : FA4;
    14355 : FA4;
    14356 : FA4;
    14357 : FA4;
    14358 : FA4;
    14359 : FA3;
    14360 : E65;
    14361 : F83;
    14362 : E64;
    14363 : E64;
    14364 : E64;
    14365 : E65;
    14366 : FA4;
    14367 : FA4;
    14368 : FA4;
    14369 : E84;
    14370 : E84;
    14371 : F94;
    14372 : FA4;
    14373 : FA4;
    14374 : FA4;
    14375 : FA4;
    14376 : E65;
    14377 : F83;
    14378 : E64;
    14379 : F94;
    14380 : E65;
    14381 : FA4;
    14382 : FA4;
    14383 : FA4;
    14384 : F94;
    14385 : F94;
    14386 : 322;
    14387 : C34;
    14388 : B34;
    14389 : C34;
    14390 : 924;
    14391 : 924;
    14392 : 924;
    14393 : B35;
    14394 : C44;
    14395 : B34;
    14396 : A34;
    14397 : 924;
    14398 : 824;
    14399 : 824;
    14400 : A34;
    14401 : A34;
    14402 : A34;
    14403 : 924;
    14404 : 924;
    14405 : 924;
    14406 : D44;
    14407 : D44;
    14408 : C44;
    14409 : A24;
    14410 : A24;
    14411 : A24;
    14412 : C34;
    14413 : C34;
    14414 : B44;
    14415 : F84;
    14416 : F84;
    14417 : FA4;
    14418 : FA4;
    14419 : E64;
    14420 : F83;
    14421 : E65;
    14422 : F93;
    14423 : E64;
    14424 : FA4;
    14425 : FA4;
    14426 : FA4;
    14427 : F84;
    14428 : F84;
    14429 : F84;
    14430 : F84;
    14431 : FA4;
    14432 : FA4;
    14433 : D55;
    14434 : E65;
    14435 : E65;
    14436 : E65;
    14437 : E65;
    14438 : E65;
    14439 : FA4;
    14440 : FA4;
    14441 : FA4;
    14442 : FA4;
    14443 : FA4;
    14444 : FA4;
    14445 : FA4;
    14446 : FA4;
    14447 : FA4;
    14448 : FA4;
    14449 : FA4;
    14450 : F74;
    14451 : F74;
    14452 : F93;
    14453 : F74;
    14454 : F74;
    14455 : FA4;
    14456 : FA4;
    14457 : FA4;
    14458 : FA4;
    14459 : FA4;
    14460 : FA4;
    14461 : F94;
    14462 : FA4;
    14463 : FA4;
    14464 : FA4;
    14465 : FA4;
    14466 : FA4;
    14467 : FA4;
    14468 : FA4;
    14469 : FA4;
    14470 : FA4;
    14471 : FA4;
    14472 : FA4;
    14473 : FA4;
    14474 : FA4;
    14475 : FA4;
    14476 : FA4;
    14477 : FA4;
    14478 : FA4;
    14479 : FA4;
    14480 : FA4;
    14481 : FA4;
    14482 : FA4;
    14483 : FA4;
    14484 : FA4;
    14485 : FA4;
    14486 : FA4;
    14487 : FA4;
    14488 : FA4;
    14489 : FA4;
    14490 : FA4;
    14491 : FA4;
    14492 : FA4;
    14493 : FA4;
    14494 : FA4;
    14495 : FA4;
    14496 : FA4;
    14497 : FA4;
    14498 : FA4;
    14499 : FA4;
    14500 : FA4;
    14501 : E65;
    14502 : F83;
    14503 : E64;
    14504 : E64;
    14505 : E65;
    14506 : FA4;
    14507 : FA4;
    14508 : FA4;
    14509 : FA4;
    14510 : FA4;
    14511 : FA4;
    14512 : FA4;
    14513 : FA4;
    14514 : FA4;
    14515 : F74;
    14516 : E74;
    14517 : FA4;
    14518 : FA4;
    14519 : FA3;
    14520 : E65;
    14521 : E64;
    14522 : E65;
    14523 : E65;
    14524 : E65;
    14525 : E65;
    14526 : FA4;
    14527 : FA4;
    14528 : E65;
    14529 : E65;
    14530 : E65;
    14531 : E65;
    14532 : E65;
    14533 : FA4;
    14534 : F84;
    14535 : FA4;
    14536 : E65;
    14537 : E65;
    14538 : E65;
    14539 : E65;
    14540 : E65;
    14541 : FA4;
    14542 : FA4;
    14543 : F84;
    14544 : F84;
    14545 : F84;
    14546 : 423;
    14547 : B34;
    14548 : B34;
    14549 : C44;
    14550 : 924;
    14551 : 924;
    14552 : 924;
    14553 : A34;
    14554 : B34;
    14555 : C34;
    14556 : 934;
    14557 : 824;
    14558 : 824;
    14559 : 824;
    14560 : 213;
    14561 : A34;
    14562 : 324;
    14563 : 213;
    14564 : 924;
    14565 : 323;
    14566 : 324;
    14567 : D44;
    14568 : 313;
    14569 : 324;
    14570 : B34;
    14571 : 323;
    14572 : 423;
    14573 : C34;
    14574 : 112;
    14575 : F84;
    14576 : F84;
    14577 : FA4;
    14578 : FA4;
    14579 : E65;
    14580 : E65;
    14581 : E65;
    14582 : E65;
    14583 : E65;
    14584 : FA4;
    14585 : F93;
    14586 : F94;
    14587 : F84;
    14588 : F84;
    14589 : F93;
    14590 : F84;
    14591 : FA4;
    14592 : E65;
    14593 : E65;
    14594 : D65;
    14595 : E65;
    14596 : E65;
    14597 : E65;
    14598 : E65;
    14599 : E65;
    14600 : FA4;
    14601 : FA4;
    14602 : F74;
    14603 : F74;
    14604 : FA4;
    14605 : FA4;
    14606 : FA4;
    14607 : F94;
    14608 : FA4;
    14609 : FA4;
    14610 : F74;
    14611 : F74;
    14612 : F74;
    14613 : F74;
    14614 : F74;
    14615 : FA4;
    14616 : FA4;
    14617 : FA4;
    14618 : FA4;
    14619 : FA4;
    14620 : FA4;
    14621 : E74;
    14622 : FA4;
    14623 : FA4;
    14624 : FA4;
    14625 : FA4;
    14626 : FA4;
    14627 : FA4;
    14628 : FA4;
    14629 : FA4;
    14630 : FA4;
    14631 : FA4;
    14632 : FA4;
    14633 : FA4;
    14634 : FA4;
    14635 : FA4;
    14636 : FA4;
    14637 : FA4;
    14638 : FA4;
    14639 : FA4;
    14640 : FA4;
    14641 : FA4;
    14642 : FA4;
    14643 : FA4;
    14644 : FA4;
    14645 : FA4;
    14646 : FA4;
    14647 : FA4;
    14648 : FA4;
    14649 : FA4;
    14650 : FA4;
    14651 : FA4;
    14652 : FA4;
    14653 : FA4;
    14654 : FA4;
    14655 : FA4;
    14656 : FA4;
    14657 : FA4;
    14658 : FA4;
    14659 : FA4;
    14660 : FA4;
    14661 : E65;
    14662 : F74;
    14663 : F84;
    14664 : E64;
    14665 : E65;
    14666 : FA4;
    14667 : FA4;
    14668 : FA4;
    14669 : FA4;
    14670 : FA4;
    14671 : FA4;
    14672 : FA4;
    14673 : FA4;
    14674 : F74;
    14675 : F74;
    14676 : F74;
    14677 : FA4;
    14678 : FA4;
    14679 : FA4;
    14680 : E65;
    14681 : E65;
    14682 : E64;
    14683 : E65;
    14684 : E65;
    14685 : E65;
    14686 : FA4;
    14687 : F94;
    14688 : E65;
    14689 : E65;
    14690 : E65;
    14691 : E65;
    14692 : F94;
    14693 : FA4;
    14694 : F84;
    14695 : FA4;
    14696 : E65;
    14697 : F84;
    14698 : E64;
    14699 : F84;
    14700 : E65;
    14701 : FA4;
    14702 : F94;
    14703 : F84;
    14704 : F84;
    14705 : F83;
    14706 : F94;
    14707 : C34;
    14708 : B34;
    14709 : 313;
    14710 : 324;
    14711 : 924;
    14712 : 213;
    14713 : 313;
    14714 : C44;
    14715 : C44;
    14716 : 323;
    14717 : 724;
    14718 : 924;
    14719 : 323;
    14720 : 313;
    14721 : 323;
    14722 : 323;
    14723 : 323;
    14724 : 323;
    14725 : 313;
    14726 : 313;
    14727 : 313;
    14728 : 323;
    14729 : 424;
    14730 : 524;
    14731 : 313;
    14732 : F74;
    14733 : E64;
    14734 : F84;
    14735 : F84;
    14736 : F84;
    14737 : FA4;
    14738 : F84;
    14739 : E64;
    14740 : F74;
    14741 : E65;
    14742 : F84;
    14743 : E64;
    14744 : F94;
    14745 : F94;
    14746 : FA3;
    14747 : F84;
    14748 : F84;
    14749 : F84;
    14750 : F84;
    14751 : FA4;
    14752 : E75;
    14753 : D55;
    14754 : D55;
    14755 : E65;
    14756 : E65;
    14757 : E65;
    14758 : D65;
    14759 : D65;
    14760 : FA4;
    14761 : FA4;
    14762 : F74;
    14763 : F74;
    14764 : F74;
    14765 : FA4;
    14766 : FA4;
    14767 : F94;
    14768 : FA4;
    14769 : FA4;
    14770 : F74;
    14771 : F74;
    14772 : F93;
    14773 : F74;
    14774 : F74;
    14775 : FA4;
    14776 : F93;
    14777 : FA4;
    14778 : FA4;
    14779 : FA4;
    14780 : F74;
    14781 : E74;
    14782 : F74;
    14783 : FA4;
    14784 : FA4;
    14785 : FA4;
    14786 : FA4;
    14787 : FA4;
    14788 : FA4;
    14789 : FA4;
    14790 : FA4;
    14791 : FA4;
    14792 : FA4;
    14793 : FA4;
    14794 : FA4;
    14795 : FA4;
    14796 : FA4;
    14797 : FA4;
    14798 : FA4;
    14799 : FA4;
    14800 : FA4;
    14801 : FA4;
    14802 : FA4;
    14803 : FA4;
    14804 : FA4;
    14805 : FA4;
    14806 : FA4;
    14807 : FA4;
    14808 : FA4;
    14809 : FA4;
    14810 : FA4;
    14811 : FA4;
    14812 : FA4;
    14813 : FA4;
    14814 : FA4;
    14815 : FA4;
    14816 : FA4;
    14817 : FA4;
    14818 : FA4;
    14819 : FA4;
    14820 : FA4;
    14821 : E65;
    14822 : E65;
    14823 : E65;
    14824 : E65;
    14825 : E65;
    14826 : FA4;
    14827 : FA4;
    14828 : FA4;
    14829 : FA4;
    14830 : FA4;
    14831 : FA4;
    14832 : FA4;
    14833 : FA4;
    14834 : F74;
    14835 : F74;
    14836 : F74;
    14837 : FA4;
    14838 : F84;
    14839 : FA4;
    14840 : E65;
    14841 : F64;
    14842 : E64;
    14843 : E65;
    14844 : E64;
    14845 : E65;
    14846 : F84;
    14847 : F84;
    14848 : E65;
    14849 : F93;
    14850 : E65;
    14851 : D65;
    14852 : FA4;
    14853 : FA4;
    14854 : F84;
    14855 : F94;
    14856 : E65;
    14857 : F74;
    14858 : F64;
    14859 : E64;
    14860 : D65;
    14861 : F84;
    14862 : F84;
    14863 : F84;
    14864 : F84;
    14865 : E65;
    14866 : F94;
    14867 : F84;
    14868 : E74;
    14869 : 524;
    14870 : 524;
    14871 : 423;
    14872 : 313;
    14873 : 323;
    14874 : 313;
    14875 : 313;
    14876 : 313;
    14877 : 323;
    14878 : 323;
    14879 : 313;
    14880 : 323;
    14881 : 323;
    14882 : 323;
    14883 : 323;
    14884 : 323;
    14885 : 313;
    14886 : 323;
    14887 : 323;
    14888 : 413;
    14889 : 423;
    14890 : 624;
    14891 : 423;
    14892 : E65;
    14893 : D55;
    14894 : D55;
    14895 : D55;
    14896 : D65;
    14897 : F84;
    14898 : F84;
    14899 : D65;
    14900 : E65;
    14901 : E65;
    14902 : E65;
    14903 : E65;
    14904 : F84;
    14905 : F74;
    14906 : D64;
    14907 : E65;
    14908 : D55;
    14909 : D65;
    14910 : F84;
    14911 : F84;
    14912 : E75;
    14913 : D55;
    14914 : E64;
    14915 : D55;
    14916 : D55;
    14917 : D55;
    14918 : D55;
    14919 : D55;
    14920 : FA4;
    14921 : FA4;
    14922 : F74;
    14923 : F74;
    14924 : F74;
    14925 : FA4;
    14926 : F84;
    14927 : F84;
    14928 : F84;
    14929 : F94;
    14930 : F74;
    14931 : F74;
    14932 : F74;
    14933 : F74;
    14934 : F74;
    14935 : FA4;
    14936 : F83;
    14937 : FA4;
    14938 : FA4;
    14939 : F74;
    14940 : E64;
    14941 : F64;
    14942 : F74;
    14943 : F74;
    14944 : FA4;
    14945 : FA4;
    14946 : FA4;
    14947 : FA4;
    14948 : FA4;
    14949 : FA4;
    14950 : FA4;
    14951 : FA4;
    14952 : FA4;
    14953 : FA4;
    14954 : FA4;
    14955 : FA4;
    14956 : FA4;
    14957 : FA4;
    14958 : FA4;
    14959 : FA4;
    14960 : FA4;
    14961 : FA4;
    14962 : FA4;
    14963 : FA4;
    14964 : FA4;
    14965 : FA4;
    14966 : FA4;
    14967 : FA4;
    14968 : FA4;
    14969 : FA4;
    14970 : FA4;
    14971 : FA4;
    14972 : FA4;
    14973 : FA3;
    14974 : F84;
    14975 : F84;
    14976 : FA4;
    14977 : FA4;
    14978 : F84;
    14979 : F84;
    14980 : FA4;
    14981 : E65;
    14982 : F84;
    14983 : F74;
    14984 : E64;
    14985 : E65;
    14986 : FA4;
    14987 : FA4;
    14988 : FA4;
    14989 : F84;
    14990 : FA4;
    14991 : FA4;
    14992 : D64;
    14993 : D64;
    14994 : D55;
    14995 : D65;
    14996 : D55;
    14997 : F94;
    14998 : F84;
    14999 : F83;
    15000 : E65;
    15001 : E65;
    15002 : E65;
    15003 : E65;
    15004 : E65;
    15005 : E65;
    15006 : F84;
    15007 : F84;
    15008 : E65;
    15009 : E65;
    15010 : E65;
    15011 : E65;
    15012 : F94;
    15013 : F84;
    15014 : F84;
    15015 : F84;
    15016 : E65;
    15017 : E65;
    15018 : E65;
    15019 : D55;
    15020 : E55;
    15021 : F84;
    15022 : F84;
    15023 : F84;
    15024 : E65;
    15025 : D55;
    15026 : D55;
    15027 : E64;
    15028 : 944;
    15029 : 624;
    15030 : 623;
    15031 : 413;
    15032 : 323;
    15033 : 323;
    15034 : 323;
    15035 : 313;
    15036 : 313;
    15037 : 313;
    15038 : 313;
    15039 : 313;
    15040 : 323;
    15041 : 313;
    15042 : 423;
    15043 : 423;
    15044 : 423;
    15045 : 423;
    15046 : 424;
    15047 : 423;
    15048 : 413;
    15049 : 424;
    15050 : 934;
    15051 : 212;
    15052 : E54;
    15053 : D55;
    15054 : D55;
    15055 : D55;
    15056 : D65;
    15057 : F74;
    15058 : F74;
    15059 : D55;
    15060 : E65;
    15061 : E65;
    15062 : F73;
    15063 : E65;
    15064 : F94;
    15065 : F84;
    15066 : D55;
    15067 : D55;
    15068 : D55;
    15069 : D55;
    15070 : F84;
    15071 : F84;
    15072 : E75;
    15073 : D55;
    15074 : D55;
    15075 : D55;
    15076 : D55;
    15077 : D55;
    15078 : D55;
    15079 : D55;
    15080 : F84;
    15081 : F84;
    15082 : F74;
    15083 : F74;
    15084 : F74;
    15085 : FA4;
    15086 : F84;
    15087 : F84;
    15088 : F84;
    15089 : F94;
    15090 : F74;
    15091 : F74;
    15092 : F84;
    15093 : F74;
    15094 : F74;
    15095 : F84;
    15096 : F84;
    15097 : FA4;
    15098 : FA4;
    15099 : F64;
    15100 : F84;
    15101 : F74;
    15102 : F74;
    15103 : E64;
    15104 : FA4;
    15105 : FA4;
    15106 : F84;
    15107 : F84;
    15108 : FA4;
    15109 : FA4;
    15110 : FA4;
    15111 : FA4;
    15112 : FA4;
    15113 : FA4;
    15114 : FA4;
    15115 : FA4;
    15116 : FA4;
    15117 : FA4;
    15118 : FA4;
    15119 : FA4;
    15120 : FA4;
    15121 : FA4;
    15122 : FA4;
    15123 : FA4;
    15124 : FA4;
    15125 : FA4;
    15126 : FA4;
    15127 : FA4;
    15128 : F94;
    15129 : FA4;
    15130 : FA4;
    15131 : FA4;
    15132 : FA4;
    15133 : E64;
    15134 : F64;
    15135 : F65;
    15136 : E65;
    15137 : F84;
    15138 : F84;
    15139 : F84;
    15140 : FA4;
    15141 : E65;
    15142 : F74;
    15143 : E64;
    15144 : E65;
    15145 : E65;
    15146 : FA4;
    15147 : FA4;
    15148 : F84;
    15149 : F84;
    15150 : F84;
    15151 : D55;
    15152 : D55;
    15153 : D55;
    15154 : E65;
    15155 : D55;
    15156 : D55;
    15157 : D55;
    15158 : F84;
    15159 : F83;
    15160 : E65;
    15161 : E65;
    15162 : E65;
    15163 : E65;
    15164 : E65;
    15165 : E65;
    15166 : F84;
    15167 : F84;
    15168 : E65;
    15169 : F73;
    15170 : E65;
    15171 : E65;
    15172 : F84;
    15173 : F84;
    15174 : F84;
    15175 : F84;
    15176 : D55;
    15177 : E65;
    15178 : E65;
    15179 : E65;
    15180 : D55;
    15181 : F74;
    15182 : E65;
    15183 : F84;
    15184 : D55;
    15185 : E64;
    15186 : F84;
    15187 : E74;
    15188 : 844;
    15189 : C54;
    15190 : 724;
    15191 : 524;
    15192 : 313;
    15193 : 423;
    15194 : 423;
    15195 : 423;
    15196 : 633;
    15197 : 423;
    15198 : 413;
    15199 : 423;
    15200 : 323;
    15201 : 313;
    15202 : 423;
    15203 : 423;
    15204 : 423;
    15205 : 523;
    15206 : 423;
    15207 : 423;
    15208 : 624;
    15209 : 624;
    15210 : 934;
    15211 : 213;
    15212 : E65;
    15213 : D55;
    15214 : D55;
    15215 : D55;
    15216 : D55;
    15217 : E54;
    15218 : F74;
    15219 : D55;
    15220 : E65;
    15221 : E65;
    15222 : E65;
    15223 : E65;
    15224 : F74;
    15225 : F94;
    15226 : D55;
    15227 : D55;
    15228 : E64;
    15229 : D55;
    15230 : F84;
    15231 : F74;
    15232 : E64;
    15233 : D55;
    15234 : D55;
    15235 : D55;
    15236 : D55;
    15237 : D55;
    15238 : D55;
    15239 : D55;
    15240 : F84;
    15241 : F83;
    15242 : F74;
    15243 : E65;
    15244 : E65;
    15245 : F84;
    15246 : F84;
    15247 : F84;
    15248 : F84;
    15249 : F84;
    15250 : F74;
    15251 : F74;
    15252 : F74;
    15253 : F74;
    15254 : F74;
    15255 : F84;
    15256 : F84;
    15257 : FA4;
    15258 : F84;
    15259 : E64;
    15260 : F65;
    15261 : E64;
    15262 : E64;
    15263 : E64;
    15264 : FA4;
    15265 : F83;
    15266 : F84;
    15267 : F84;
    15268 : FA4;
    15269 : FA4;
    15270 : FA4;
    15271 : FA4;
    15272 : FA4;
    15273 : FA4;
    15274 : FA4;
    15275 : FA4;
    15276 : FA4;
    15277 : FA4;
    15278 : FA4;
    15279 : FA4;
    15280 : FA4;
    15281 : F84;
    15282 : F84;
    15283 : F94;
    15284 : FA4;
    15285 : FA4;
    15286 : FA4;
    15287 : FA4;
    15288 : F74;
    15289 : FA4;
    15290 : FA4;
    15291 : FA4;
    15292 : FA4;
    15293 : E64;
    15294 : E65;
    15295 : E65;
    15296 : E64;
    15297 : F74;
    15298 : F84;
    15299 : F84;
    15300 : F84;
    15301 : E65;
    15302 : E65;
    15303 : E65;
    15304 : E65;
    15305 : E65;
    15306 : FA4;
    15307 : F84;
    15308 : F84;
    15309 : F84;
    15310 : F84;
    15311 : E64;
    15312 : D65;
    15313 : D55;
    15314 : D55;
    15315 : D55;
    15316 : D55;
    15317 : D65;
    15318 : F84;
    15319 : F84;
    15320 : E65;
    15321 : F74;
    15322 : E65;
    15323 : E65;
    15324 : D55;
    15325 : D55;
    15326 : D55;
    15327 : D55;
    15328 : D55;
    15329 : F73;
    15330 : E65;
    15331 : E65;
    15332 : F84;
    15333 : F84;
    15334 : F84;
    15335 : F74;
    15336 : D55;
    15337 : E54;
    15338 : D55;
    15339 : F74;
    15340 : D55;
    15341 : F74;
    15342 : E64;
    15343 : F74;
    15344 : D55;
    15345 : D55;
    15346 : D55;
    15347 : D55;
    15348 : 944;
    15349 : 824;
    15350 : 824;
    15351 : 523;
    15352 : 323;
    15353 : 633;
    15354 : 423;
    15355 : 423;
    15356 : 533;
    15357 : 633;
    15358 : 523;
    15359 : 313;
    15360 : 323;
    15361 : 423;
    15362 : 423;
    15363 : 523;
    15364 : 523;
    15365 : 523;
    15366 : 523;
    15367 : 423;
    15368 : 523;
    15369 : 624;
    15370 : 834;
    15371 : 424;
    15372 : D55;
    15373 : D44;
    15374 : D55;
    15375 : D55;
    15376 : C45;
    15377 : D55;
    15378 : E65;
    15379 : D55;
    15380 : E55;
    15381 : E55;
    15382 : F64;
    15383 : E65;
    15384 : F74;
    15385 : F74;
    15386 : D55;
    15387 : D55;
    15388 : D55;
    15389 : D55;
    15390 : F74;
    15391 : F74;
    15392 : E65;
    15393 : D55;
    15394 : D54;
    15395 : D55;
    15396 : D55;
    15397 : D55;
    15398 : D55;
    15399 : D55;
    15400 : F84;
    15401 : F84;
    15402 : D55;
    15403 : D55;
    15404 : D55;
    15405 : D55;
    15406 : D55;
    15407 : F84;
    15408 : F84;
    15409 : D55;
    15410 : D55;
    15411 : D55;
    15412 : D55;
    15413 : D55;
    15414 : E64;
    15415 : F74;
    15416 : F74;
    15417 : F94;
    15418 : F84;
    15419 : E64;
    15420 : E64;
    15421 : F64;
    15422 : F64;
    15423 : E64;
    15424 : F94;
    15425 : F84;
    15426 : F84;
    15427 : E65;
    15428 : E65;
    15429 : E65;
    15430 : E65;
    15431 : F65;
    15432 : FA4;
    15433 : FA4;
    15434 : FA4;
    15435 : FA4;
    15436 : F94;
    15437 : FA4;
    15438 : FA4;
    15439 : FA4;
    15440 : F84;
    15441 : F84;
    15442 : F84;
    15443 : F84;
    15444 : FA4;
    15445 : FA4;
    15446 : F94;
    15447 : F84;
    15448 : F84;
    15449 : F84;
    15450 : F94;
    15451 : F84;
    15452 : FA4;
    15453 : E64;
    15454 : E65;
    15455 : E65;
    15456 : E65;
    15457 : F84;
    15458 : F84;
    15459 : F84;
    15460 : F84;
    15461 : E65;
    15462 : F83;
    15463 : F84;
    15464 : E64;
    15465 : E65;
    15466 : F84;
    15467 : F84;
    15468 : E64;
    15469 : F74;
    15470 : F74;
    15471 : E64;
    15472 : D55;
    15473 : D55;
    15474 : E64;
    15475 : D55;
    15476 : E64;
    15477 : D55;
    15478 : F74;
    15479 : F74;
    15480 : E65;
    15481 : E65;
    15482 : E65;
    15483 : E55;
    15484 : E55;
    15485 : D55;
    15486 : D55;
    15487 : D55;
    15488 : D55;
    15489 : D55;
    15490 : E55;
    15491 : D55;
    15492 : F74;
    15493 : D55;
    15494 : F64;
    15495 : F64;
    15496 : D55;
    15497 : D55;
    15498 : D55;
    15499 : D55;
    15500 : D55;
    15501 : F64;
    15502 : E65;
    15503 : E64;
    15504 : D55;
    15505 : D65;
    15506 : D55;
    15507 : D55;
    15508 : 934;
    15509 : 723;
    15510 : 824;
    15511 : 523;
    15512 : 952;
    15513 : 742;
    15514 : 742;
    15515 : 423;
    15516 : 633;
    15517 : 523;
    15518 : 533;
    15519 : 423;
    15520 : 524;
    15521 : 524;
    15522 : 624;
    15523 : 624;
    15524 : 624;
    15525 : 834;
    15526 : 724;
    15527 : 624;
    15528 : 624;
    15529 : 624;
    15530 : 624;
    15531 : 624;
    15532 : 624;
    15533 : 624;
    15534 : 734;
    15535 : 724;
    15536 : 724;
    15537 : 944;
    15538 : 212;
    15539 : D55;
    15540 : F64;
    15541 : E55;
    15542 : E64;
    15543 : E55;
    15544 : E64;
    15545 : E64;
    15546 : D55;
    15547 : D55;
    15548 : E64;
    15549 : D55;
    15550 : F75;
    15551 : C45;
    15552 : D54;
    15553 : D55;
    15554 : D55;
    15555 : D55;
    15556 : D55;
    15557 : D55;
    15558 : D55;
    15559 : C55;
    15560 : E64;
    15561 : F74;
    15562 : D55;
    15563 : E74;
    15564 : F64;
    15565 : E64;
    15566 : D55;
    15567 : F84;
    15568 : F74;
    15569 : D55;
    15570 : D55;
    15571 : D55;
    15572 : D55;
    15573 : F64;
    15574 : E64;
    15575 : F74;
    15576 : D55;
    15577 : D55;
    15578 : F84;
    15579 : E65;
    15580 : E64;
    15581 : E65;
    15582 : E64;
    15583 : E65;
    15584 : F84;
    15585 : F84;
    15586 : F84;
    15587 : E64;
    15588 : E65;
    15589 : E64;
    15590 : E65;
    15591 : F75;
    15592 : FA4;
    15593 : FA4;
    15594 : F94;
    15595 : F84;
    15596 : F84;
    15597 : F84;
    15598 : FA4;
    15599 : FA4;
    15600 : F84;
    15601 : F93;
    15602 : F84;
    15603 : F74;
    15604 : FA4;
    15605 : F84;
    15606 : F84;
    15607 : F84;
    15608 : F84;
    15609 : F84;
    15610 : F84;
    15611 : F84;
    15612 : F94;
    15613 : E65;
    15614 : E65;
    15615 : E65;
    15616 : E65;
    15617 : F84;
    15618 : F84;
    15619 : F74;
    15620 : F74;
    15621 : E65;
    15622 : E55;
    15623 : E55;
    15624 : E55;
    15625 : E65;
    15626 : F74;
    15627 : D55;
    15628 : D55;
    15629 : F74;
    15630 : F74;
    15631 : E65;
    15632 : D55;
    15633 : D55;
    15634 : D55;
    15635 : D55;
    15636 : D55;
    15637 : D55;
    15638 : F64;
    15639 : F74;
    15640 : E65;
    15641 : E55;
    15642 : C45;
    15643 : E55;
    15644 : E65;
    15645 : D55;
    15646 : C55;
    15647 : F64;
    15648 : F64;
    15649 : C55;
    15650 : E55;
    15651 : D55;
    15652 : F64;
    15653 : D55;
    15654 : D55;
    15655 : F64;
    15656 : D55;
    15657 : E55;
    15658 : D55;
    15659 : F64;
    15660 : D55;
    15661 : 743;
    15662 : 935;
    15663 : 624;
    15664 : 944;
    15665 : 824;
    15666 : 724;
    15667 : 734;
    15668 : 734;
    15669 : 724;
    15670 : 724;
    15671 : 624;
    15672 : 624;
    15673 : 624;
    15674 : 624;
    15675 : 624;
    15676 : 524;
    15677 : 624;
    15678 : 624;
    15679 : 524;
    15680 : 323;
    15681 : 313;
    15682 : 743;
    15683 : 313;
    15684 : 312;
    15685 : B62;
    15686 : 423;
    15687 : B63;
    15688 : 424;
    15689 : 633;
    15690 : 953;
    15691 : 624;
    15692 : C56;
    15693 : D55;
    15694 : 624;
    15695 : C45;
    15696 : D55;
    15697 : 524;
    15698 : C45;
    15699 : C55;
    15700 : E55;
    15701 : C55;
    15702 : C55;
    15703 : C55;
    15704 : C56;
    15705 : F65;
    15706 : D55;
    15707 : D55;
    15708 : D55;
    15709 : C55;
    15710 : C45;
    15711 : C45;
    15712 : C55;
    15713 : D55;
    15714 : C55;
    15715 : D55;
    15716 : D55;
    15717 : D55;
    15718 : D55;
    15719 : D55;
    15720 : F65;
    15721 : F64;
    15722 : D55;
    15723 : D55;
    15724 : D55;
    15725 : D55;
    15726 : D55;
    15727 : F74;
    15728 : F64;
    15729 : D55;
    15730 : F74;
    15731 : D55;
    15732 : D55;
    15733 : F75;
    15734 : F64;
    15735 : D55;
    15736 : D55;
    15737 : D55;
    15738 : D55;
    15739 : D55;
    15740 : E65;
    15741 : E65;
    15742 : E64;
    15743 : E65;
    15744 : F84;
    15745 : F64;
    15746 : F74;
    15747 : E64;
    15748 : E65;
    15749 : E65;
    15750 : E65;
    15751 : E65;
    15752 : F84;
    15753 : F84;
    15754 : F84;
    15755 : F84;
    15756 : F84;
    15757 : F84;
    15758 : F84;
    15759 : F84;
    15760 : F84;
    15761 : F84;
    15762 : F84;
    15763 : F74;
    15764 : F84;
    15765 : F74;
    15766 : F84;
    15767 : F84;
    15768 : F84;
    15769 : F84;
    15770 : F94;
    15771 : F74;
    15772 : F74;
    15773 : E65;
    15774 : E65;
    15775 : E65;
    15776 : E65;
    15777 : F74;
    15778 : E65;
    15779 : E65;
    15780 : F74;
    15781 : E65;
    15782 : E65;
    15783 : E65;
    15784 : E65;
    15785 : C55;
    15786 : D55;
    15787 : D55;
    15788 : D55;
    15789 : C55;
    15790 : F74;
    15791 : E65;
    15792 : D55;
    15793 : D55;
    15794 : D55;
    15795 : D55;
    15796 : D55;
    15797 : D55;
    15798 : E64;
    15799 : F64;
    15800 : C55;
    15801 : C55;
    15802 : C55;
    15803 : D55;
    15804 : E55;
    15805 : D55;
    15806 : D55;
    15807 : C56;
    15808 : D56;
    15809 : C56;
    15810 : D55;
    15811 : C45;
    15812 : C56;
    15813 : C56;
    15814 : C46;
    15815 : C45;
    15816 : D55;
    15817 : E64;
    15818 : C56;
    15819 : E55;
    15820 : C55;
    15821 : C45;
    15822 : 524;
    15823 : C55;
    15824 : C45;
    15825 : 513;
    15826 : D45;
    15827 : D56;
    15828 : 514;
    15829 : 733;
    15830 : 423;
    15831 : 422;
    15832 : A62;
    15833 : 323;
    15834 : 422;
    15835 : A52;
    15836 : 424;
    15837 : 323;
    15838 : 743;
    15839 : 313;
    15840 : 524;
    15841 : 313;
    15842 : 743;
    15843 : 313;
    15844 : 743;
    15845 : 743;
    15846 : 833;
    15847 : 643;
    15848 : 212;
    15849 : 853;
    15850 : B62;
    15851 : A33;
    15852 : C45;
    15853 : C45;
    15854 : C53;
    15855 : D45;
    15856 : C55;
    15857 : 833;
    15858 : C45;
    15859 : C55;
    15860 : D55;
    15861 : C45;
    15862 : C45;
    15863 : C45;
    15864 : C46;
    15865 : C56;
    15866 : D55;
    15867 : D55;
    15868 : D55;
    15869 : C55;
    15870 : C45;
    15871 : C55;
    15872 : C45;
    15873 : C55;
    15874 : F74;
    15875 : D55;
    15876 : C55;
    15877 : D55;
    15878 : D55;
    15879 : C55;
    15880 : C55;
    15881 : D55;
    15882 : D55;
    15883 : E55;
    15884 : F64;
    15885 : F64;
    15886 : D55;
    15887 : F64;
    15888 : E64;
    15889 : D55;
    15890 : D55;
    15891 : D55;
    15892 : D55;
    15893 : E65;
    15894 : E65;
    15895 : D55;
    15896 : F63;
    15897 : D55;
    15898 : D55;
    15899 : E65;
    15900 : E65;
    15901 : E64;
    15902 : E65;
    15903 : E65;
    15904 : D55;
    15905 : D55;
    15906 : D55;
    15907 : E65;
    15908 : E65;
    15909 : E65;
    15910 : E64;
    15911 : E65;
    15912 : F74;
    15913 : F74;
    15914 : F74;
    15915 : F74;
    15916 : F74;
    15917 : F84;
    15918 : F84;
    15919 : F84;
    15920 : F74;
    15921 : F84;
    15922 : F84;
    15923 : F74;
    15924 : F84;
    15925 : F74;
    15926 : F74;
    15927 : F74;
    15928 : D55;
    15929 : D55;
    15930 : D55;
    15931 : D55;
    15932 : D55;
    15933 : E65;
    15934 : E65;
    15935 : D55;
    15936 : E65;
    15937 : D55;
    15938 : D55;
    15939 : D55;
    15940 : D55;
    15941 : E65;
    15942 : F74;
    15943 : D55;
    15944 : F63;
    15945 : D55;
    15946 : C55;
    15947 : D55;
    15948 : F64;
    15949 : D55;
    15950 : D55;
    15951 : D55;
    15952 : D55;
    15953 : D55;
    15954 : E65;
    15955 : D55;
    15956 : F64;
    15957 : D55;
    15958 : E55;
    15959 : E65;
    15960 : C45;
    15961 : C55;
    15962 : C55;
    15963 : C55;
    15964 : D55;
    15965 : D55;
    15966 : C55;
    15967 : C55;
    15968 : C56;
    15969 : C55;
    15970 : D55;
    15971 : C46;
    15972 : F64;
    15973 : C45;
    15974 : E55;
    15975 : C55;
    15976 : C45;
    15977 : B45;
    15978 : C45;
    15979 : C45;
    15980 : C55;
    15981 : C55;
    15982 : 624;
    15983 : D55;
    15984 : C55;
    15985 : 933;
    15986 : D55;
    15987 : D55;
    15988 : 523;
    15989 : 734;
    15990 : 212;
    15991 : 743;
    15992 : 853;
    15993 : 323;
    15994 : 643;
    15995 : 843;
    15996 : 223;
    15997 : 853;
    15998 : 533;
    15999 : 413;
    16000 : 423;
    16001 : 213;
    16002 : 533;
    16003 : 212;
    16004 : 633;
    16005 : 633;
    16006 : 723;
    16007 : 643;
    16008 : 213;
    16009 : 743;
    16010 : 743;
    16011 : 623;
    16012 : B45;
    16013 : C45;
    16014 : D63;
    16015 : C56;
    16016 : C45;
    16017 : 933;
    16018 : C56;
    16019 : C45;
    16020 : C45;
    16021 : C46;
    16022 : C56;
    16023 : C46;
    16024 : C46;
    16025 : C46;
    16026 : D55;
    16027 : C45;
    16028 : C45;
    16029 : C55;
    16030 : C55;
    16031 : C45;
    16032 : C45;
    16033 : D55;
    16034 : D55;
    16035 : D55;
    16036 : D55;
    16037 : D55;
    16038 : D55;
    16039 : C55;
    16040 : D55;
    16041 : D55;
    16042 : D55;
    16043 : D55;
    16044 : D55;
    16045 : D55;
    16046 : C55;
    16047 : D55;
    16048 : D55;
    16049 : D55;
    16050 : F74;
    16051 : D55;
    16052 : D55;
    16053 : E65;
    16054 : D55;
    16055 : D55;
    16056 : D55;
    16057 : D55;
    16058 : D55;
    16059 : F65;
    16060 : E65;
    16061 : D55;
    16062 : D55;
    16063 : E65;
    16064 : D55;
    16065 : D55;
    16066 : D55;
    16067 : D55;
    16068 : E65;
    16069 : E65;
    16070 : E64;
    16071 : E65;
    16072 : F74;
    16073 : F64;
    16074 : F64;
    16075 : F74;
    16076 : F74;
    16077 : F74;
    16078 : F74;
    16079 : F74;
    16080 : F74;
    16081 : E64;
    16082 : F74;
    16083 : E64;
    16084 : F74;
    16085 : E65;
    16086 : E65;
    16087 : F74;
    16088 : D55;
    16089 : D55;
    16090 : D55;
    16091 : D55;
    16092 : D55;
    16093 : E65;
    16094 : E65;
    16095 : D55;
    16096 : E65;
    16097 : D55;
    16098 : D55;
    16099 : D55;
    16100 : D55;
    16101 : E55;
    16102 : E65;
    16103 : D55;
    16104 : D55;
    16105 : D55;
    16106 : D55;
    16107 : D55;
    16108 : D55;
    16109 : D55;
    16110 : E55;
    16111 : D55;
    16112 : D55;
    16113 : D55;
    16114 : D55;
    16115 : D55;
    16116 : D55;
    16117 : C55;
    16118 : E65;
    16119 : E55;
    16120 : C55;
    16121 : D55;
    16122 : C56;
    16123 : C55;
    16124 : C55;
    16125 : D55;
    16126 : C45;
    16127 : F64;
    16128 : F74;
    16129 : C55;
    16130 : C56;
    16131 : C56;
    16132 : C45;
    16133 : C46;
    16134 : C55;
    16135 : C55;
    16136 : C46;
    16137 : E54;
    16138 : C45;
    16139 : C45;
    16140 : C56;
    16141 : C56;
    16142 : 623;
    16143 : C45;
    16144 : C56;
    16145 : A33;
    16146 : C45;
    16147 : C45;
    16148 : 623;
    16149 : 743;
    16150 : 102;
    16151 : 533;
    16152 : 633;
    16153 : 523;
    16154 : 523;
    16155 : 533;
    16156 : 113;
    16157 : 633;
    16158 : 523;
    16159 : 313;
    16160 : 423;
    16161 : 323;
    16162 : 423;
    16163 : 213;
    16164 : 433;
    16165 : 534;
    16166 : 624;
    16167 : 534;
    16168 : 313;
    16169 : 523;
    16170 : 533;
    16171 : 624;
    16172 : C46;
    16173 : B45;
    16174 : 724;
    16175 : B45;
    16176 : C56;
    16177 : 724;
    16178 : B45;
    16179 : C46;
    16180 : C46;
    16181 : C46;
    16182 : C46;
    16183 : C46;
    16184 : C46;
    16185 : C46;
    16186 : D55;
    16187 : C55;
    16188 : C55;
    16189 : C45;
    16190 : C56;
    16191 : C55;
    16192 : C45;
    16193 : C55;
    16194 : D55;
    16195 : D55;
    16196 : D55;
    16197 : D55;
    16198 : D55;
    16199 : C55;
    16200 : D55;
    16201 : D55;
    16202 : D55;
    16203 : D55;
    16204 : D55;
    16205 : D55;
    16206 : D55;
    16207 : C55;
    16208 : D55;
    16209 : D55;
    16210 : D55;
    16211 : D55;
    16212 : D55;
    16213 : D55;
    16214 : D55;
    16215 : D55;
    16216 : D55;
    16217 : D55;
    16218 : D55;
    16219 : D55;
    16220 : D55;
    16221 : D55;
    16222 : D55;
    16223 : D55;
    16224 : D55;
    16225 : D55;
    16226 : D55;
    16227 : D55;
    16228 : D55;
    16229 : E65;
    16230 : E65;
    16231 : E55;
    16232 : E65;
    16233 : E65;
    16234 : E65;
    16235 : E64;
    16236 : E65;
    16237 : F74;
    16238 : E64;
    16239 : F64;
    16240 : E65;
    16241 : E64;
    16242 : E64;
    16243 : E64;
    16244 : E64;
    16245 : E65;
    16246 : E55;
    16247 : F64;
    16248 : E55;
    16249 : D55;
    16250 : D55;
    16251 : D55;
    16252 : D55;
    16253 : D55;
    16254 : D55;
    16255 : D55;
    16256 : D55;
    16257 : D55;
    16258 : D55;
    16259 : D55;
    16260 : D55;
    16261 : D55;
    16262 : D55;
    16263 : D55;
    16264 : D55;
    16265 : D55;
    16266 : D55;
    16267 : D55;
    16268 : D55;
    16269 : D55;
    16270 : D55;
    16271 : D55;
    16272 : D55;
    16273 : D55;
    16274 : D55;
    16275 : D55;
    16276 : D56;
    16277 : D55;
    16278 : D55;
    16279 : C55;
    16280 : C55;
    16281 : C55;
    16282 : C56;
    16283 : C45;
    16284 : C55;
    16285 : C55;
    16286 : C55;
    16287 : C56;
    16288 : C55;
    16289 : C56;
    16290 : C56;
    16291 : C46;
    16292 : C46;
    16293 : C46;
    16294 : C46;
    16295 : C46;
    16296 : C56;
    16297 : C46;
    16298 : B45;
    16299 : C56;
    16300 : C56;
    16301 : B45;
    16302 : 624;
    16303 : C56;
    16304 : C45;
    16305 : 623;
    16306 : B45;
    16307 : C45;
    16308 : 624;
    16309 : 533;
    16310 : 213;
    16311 : 424;
    16312 : 523;
    16313 : 423;
    16314 : 423;
    16315 : 533;
    16316 : 213;
    16317 : 423;
    16318 : 423;
    16319 : 413;
    16320 : 524;
    16321 : 624;
    16322 : 524;
    16323 : 523;
    16324 : 624;
    16325 : 623;
    16326 : 624;
    16327 : 724;
    16328 : 724;
    16329 : 724;
    16330 : 624;
    16331 : 724;
    16332 : 624;
    16333 : 724;
    16334 : 834;
    16335 : 724;
    16336 : 624;
    16337 : 724;
    16338 : 733;
    16339 : B45;
    16340 : C45;
    16341 : C45;
    16342 : C46;
    16343 : C45;
    16344 : C45;
    16345 : C46;
    16346 : C45;
    16347 : C45;
    16348 : C46;
    16349 : C45;
    16350 : C46;
    16351 : C45;
    16352 : C45;
    16353 : C55;
    16354 : C45;
    16355 : C55;
    16356 : D55;
    16357 : C55;
    16358 : C45;
    16359 : C45;
    16360 : D55;
    16361 : D55;
    16362 : D55;
    16363 : C55;
    16364 : C55;
    16365 : C55;
    16366 : C55;
    16367 : D55;
    16368 : D55;
    16369 : D55;
    16370 : D55;
    16371 : D55;
    16372 : C55;
    16373 : D55;
    16374 : D55;
    16375 : D55;
    16376 : D55;
    16377 : D55;
    16378 : D55;
    16379 : D55;
    16380 : D55;
    16381 : D55;
    16382 : D55;
    16383 : D55;
    16384 : D55;
    16385 : D55;
    16386 : D55;
    16387 : D55;
    16388 : D55;
    16389 : D55;
    16390 : E55;
    16391 : E65;
    16392 : E55;
    16393 : E55;
    16394 : E55;
    16395 : E54;
    16396 : E65;
    16397 : E64;
    16398 : E65;
    16399 : E65;
    16400 : E65;
    16401 : E65;
    16402 : E65;
    16403 : D55;
    16404 : D55;
    16405 : E55;
    16406 : D55;
    16407 : D55;
    16408 : D55;
    16409 : D55;
    16410 : D55;
    16411 : D55;
    16412 : D55;
    16413 : D55;
    16414 : D55;
    16415 : D55;
    16416 : D55;
    16417 : D55;
    16418 : D55;
    16419 : D55;
    16420 : D55;
    16421 : D55;
    16422 : D55;
    16423 : D55;
    16424 : D55;
    16425 : D55;
    16426 : D55;
    16427 : C55;
    16428 : D55;
    16429 : D55;
    16430 : C55;
    16431 : D55;
    16432 : D55;
    16433 : D55;
    16434 : D55;
    16435 : D55;
    16436 : D55;
    16437 : D55;
    16438 : C55;
    16439 : C45;
    16440 : C55;
    16441 : C45;
    16442 : C45;
    16443 : C45;
    16444 : C55;
    16445 : C45;
    16446 : C45;
    16447 : C45;
    16448 : C56;
    16449 : C46;
    16450 : C46;
    16451 : C45;
    16452 : C45;
    16453 : C45;
    16454 : C45;
    16455 : C45;
    16456 : C45;
    16457 : C45;
    16458 : C46;
    16459 : B45;
    16460 : B45;
    16461 : 844;
    16462 : 624;
    16463 : 523;
    16464 : 724;
    16465 : 624;
    16466 : 724;
    16467 : 623;
    16468 : 624;
    16469 : 624;
    16470 : 824;
    16471 : 724;
    16472 : 723;
    16473 : 724;
    16474 : 724;
    16475 : 624;
    16476 : 724;
    16477 : 624;
    16478 : 413;
    16479 : 624;
    16480 : D65;
    16481 : E95;
    16482 : E95;
    16483 : F96;
    16484 : B55;
    16485 : E95;
    16486 : EA5;
    16487 : E95;
    16488 : E75;
    16489 : E96;
    16490 : E95;
    16491 : D85;
    16492 : E96;
    16493 : EA5;
    16494 : FA6;
    16495 : EA6;
    16496 : FA5;
    16497 : FA6;
    16498 : FB6;
    16499 : FA6;
    16500 : FA6;
    16501 : D54;
    16502 : FA6;
    16503 : FB7;
    16504 : FA7;
    16505 : FA6;
    16506 : FA7;
    16507 : FA6;
    16508 : D65;
    16509 : FA6;
    16510 : FA6;
    16511 : FA6;
    16512 : FA6;
    16513 : FB6;
    16514 : FA6;
    16515 : C54;
    16516 : FA6;
    16517 : FA6;
    16518 : FA6;
    16519 : FA6;
    16520 : FA6;
    16521 : F95;
    16522 : FA6;
    16523 : FA6;
    16524 : FA6;
    16525 : FA6;
    16526 : FA6;
    16527 : FA6;
    16528 : D54;
    16529 : FA6;
    16530 : FA6;
    16531 : F96;
    16532 : B55;
    16533 : F96;
    16534 : FA6;
    16535 : FA6;
    16536 : FA6;
    16537 : E75;
    16538 : FA6;
    16539 : FA6;
    16540 : FA6;
    16541 : FA6;
    16542 : D55;
    16543 : FB6;
    16544 : FA6;
    16545 : FA6;
    16546 : E85;
    16547 : FA6;
    16548 : FA6;
    16549 : FA6;
    16550 : FA6;
    16551 : C54;
    16552 : FB6;
    16553 : FA5;
    16554 : FA6;
    16555 : FA6;
    16556 : FA5;
    16557 : FA6;
    16558 : F96;
    16559 : E85;
    16560 : FA6;
    16561 : FA5;
    16562 : FA5;
    16563 : FA5;
    16564 : FA6;
    16565 : FA6;
    16566 : FA6;
    16567 : F95;
    16568 : C45;
    16569 : FA5;
    16570 : FA6;
    16571 : FA6;
    16572 : FA6;
    16573 : C55;
    16574 : FA6;
    16575 : FA6;
    16576 : FA6;
    16577 : FA6;
    16578 : FA6;
    16579 : FA6;
    16580 : FB6;
    16581 : FA6;
    16582 : C45;
    16583 : FA5;
    16584 : FA6;
    16585 : FA6;
    16586 : FA6;
    16587 : FA6;
    16588 : FA6;
    16589 : B44;
    16590 : FA6;
    16591 : FA6;
    16592 : FA6;
    16593 : F96;
    16594 : FA6;
    16595 : FA6;
    16596 : FA6;
    16597 : FA6;
    16598 : FA6;
    16599 : FA6;
    16600 : B45;
    16601 : E95;
    16602 : FA5;
    16603 : FA6;
    16604 : F76;
    16605 : FA6;
    16606 : FA6;
    16607 : FA6;
    16608 : FA6;
    16609 : C44;
    16610 : FA6;
    16611 : FA6;
    16612 : FA6;
    16613 : D75;
    16614 : FA6;
    16615 : FA6;
    16616 : FA6;
    16617 : F96;
    16618 : FA6;
    16619 : D55;
    16620 : F96;
    16621 : E95;
    16622 : EA6;
    16623 : E96;
    16624 : FA5;
    16625 : FA5;
    16626 : E95;
    16627 : E95;
    16628 : B55;
    16629 : E85;
    16630 : E95;
    16631 : E95;
    16632 : EA5;
    16633 : E74;
    16634 : C64;
    16635 : E95;
    16636 : E95;
    16637 : E95;
    16638 : E85;
    16639 : D55;
    16640 : C45;
    16641 : C45;
    16642 : C46;
    16643 : C46;
    16644 : 935;
    16645 : C45;
    16646 : C45;
    16647 : C45;
    16648 : C45;
    16649 : C45;
    16650 : C45;
    16651 : C45;
    16652 : C45;
    16653 : C45;
    16654 : C45;
    16655 : C45;
    16656 : C45;
    16657 : C45;
    16658 : C45;
    16659 : C45;
    16660 : D56;
    16661 : D56;
    16662 : C45;
    16663 : C45;
    16664 : D55;
    16665 : D45;
    16666 : C45;
    16667 : C45;
    16668 : B45;
    16669 : D45;
    16670 : D45;
    16671 : D55;
    16672 : D45;
    16673 : D55;
    16674 : D55;
    16675 : D56;
    16676 : D45;
    16677 : D45;
    16678 : D55;
    16679 : D45;
    16680 : D45;
    16681 : D45;
    16682 : D55;
    16683 : D45;
    16684 : D55;
    16685 : D45;
    16686 : D55;
    16687 : D55;
    16688 : D55;
    16689 : D55;
    16690 : D45;
    16691 : D45;
    16692 : D55;
    16693 : D45;
    16694 : D45;
    16695 : D55;
    16696 : D55;
    16697 : D45;
    16698 : D55;
    16699 : D45;
    16700 : D55;
    16701 : D55;
    16702 : B45;
    16703 : D45;
    16704 : D55;
    16705 : D45;
    16706 : D55;
    16707 : D55;
    16708 : D55;
    16709 : D55;
    16710 : D55;
    16711 : D55;
    16712 : D45;
    16713 : D55;
    16714 : D45;
    16715 : D45;
    16716 : D55;
    16717 : D45;
    16718 : D55;
    16719 : D55;
    16720 : D55;
    16721 : D45;
    16722 : D45;
    16723 : D45;
    16724 : D55;
    16725 : D55;
    16726 : D45;
    16727 : D45;
    16728 : B45;
    16729 : D45;
    16730 : D45;
    16731 : D55;
    16732 : D55;
    16733 : D55;
    16734 : D45;
    16735 : D45;
    16736 : D55;
    16737 : D45;
    16738 : D55;
    16739 : D45;
    16740 : D55;
    16741 : D45;
    16742 : D55;
    16743 : D55;
    16744 : D45;
    16745 : D55;
    16746 : D55;
    16747 : D55;
    16748 : D55;
    16749 : D56;
    16750 : D45;
    16751 : D45;
    16752 : D55;
    16753 : D45;
    16754 : D45;
    16755 : D45;
    16756 : D55;
    16757 : D45;
    16758 : D45;
    16759 : D55;
    16760 : 934;
    16761 : D45;
    16762 : D45;
    16763 : D55;
    16764 : A45;
    16765 : D45;
    16766 : C45;
    16767 : D45;
    16768 : D55;
    16769 : A35;
    16770 : D45;
    16771 : C45;
    16772 : D45;
    16773 : D45;
    16774 : D45;
    16775 : D45;
    16776 : D55;
    16777 : D55;
    16778 : C45;
    16779 : B45;
    16780 : C45;
    16781 : C45;
    16782 : C45;
    16783 : C45;
    16784 : C45;
    16785 : C45;
    16786 : C45;
    16787 : C45;
    16788 : A45;
    16789 : C45;
    16790 : C45;
    16791 : C45;
    16792 : C45;
    16793 : C45;
    16794 : D45;
    16795 : C45;
    16796 : C45;
    16797 : C45;
    16798 : C45;
    16799 : C45;
    16800 : C45;
    16801 : C45;
    16802 : C45;
    16803 : C45;
    16804 : 935;
    16805 : C45;
    16806 : C46;
    16807 : C46;
    16808 : C56;
    16809 : C45;
    16810 : C45;
    16811 : C45;
    16812 : C45;
    16813 : C45;
    16814 : C45;
    16815 : C45;
    16816 : C45;
    16817 : C45;
    16818 : C45;
    16819 : C45;
    16820 : C45;
    16821 : C45;
    16822 : C55;
    16823 : D55;
    16824 : C45;
    16825 : D45;
    16826 : C45;
    16827 : C45;
    16828 : B45;
    16829 : D55;
    16830 : D45;
    16831 : C45;
    16832 : D45;
    16833 : D45;
    16834 : D45;
    16835 : D55;
    16836 : D45;
    16837 : C45;
    16838 : C45;
    16839 : D45;
    16840 : D45;
    16841 : C45;
    16842 : D55;
    16843 : D45;
    16844 : D45;
    16845 : C45;
    16846 : C55;
    16847 : C45;
    16848 : C45;
    16849 : D55;
    16850 : D45;
    16851 : C45;
    16852 : C55;
    16853 : D45;
    16854 : D45;
    16855 : D45;
    16856 : D45;
    16857 : D45;
    16858 : D55;
    16859 : D55;
    16860 : D55;
    16861 : D45;
    16862 : B45;
    16863 : D45;
    16864 : D45;
    16865 : D45;
    16866 : C44;
    16867 : D45;
    16868 : D55;
    16869 : D55;
    16870 : D55;
    16871 : D55;
    16872 : D55;
    16873 : D45;
    16874 : D55;
    16875 : D45;
    16876 : D55;
    16877 : D45;
    16878 : D55;
    16879 : D55;
    16880 : D45;
    16881 : D45;
    16882 : D55;
    16883 : D55;
    16884 : D55;
    16885 : D45;
    16886 : D45;
    16887 : D55;
    16888 : A45;
    16889 : D45;
    16890 : D55;
    16891 : D45;
    16892 : D45;
    16893 : B45;
    16894 : D45;
    16895 : D45;
    16896 : D45;
    16897 : D55;
    16898 : D55;
    16899 : C45;
    16900 : D55;
    16901 : D45;
    16902 : B45;
    16903 : D45;
    16904 : D45;
    16905 : C45;
    16906 : C45;
    16907 : D55;
    16908 : C45;
    16909 : D45;
    16910 : D55;
    16911 : D55;
    16912 : C45;
    16913 : C45;
    16914 : D45;
    16915 : D45;
    16916 : D55;
    16917 : D55;
    16918 : D45;
    16919 : D45;
    16920 : 834;
    16921 : C45;
    16922 : D55;
    16923 : D55;
    16924 : 834;
    16925 : C45;
    16926 : C45;
    16927 : C45;
    16928 : C45;
    16929 : A35;
    16930 : C45;
    16931 : C45;
    16932 : C45;
    16933 : D56;
    16934 : D45;
    16935 : C45;
    16936 : D55;
    16937 : D56;
    16938 : C45;
    16939 : B45;
    16940 : C45;
    16941 : C45;
    16942 : C45;
    16943 : C45;
    16944 : C45;
    16945 : C45;
    16946 : C46;
    16947 : C56;
    16948 : 935;
    16949 : C45;
    16950 : C45;
    16951 : B45;
    16952 : C45;
    16953 : C45;
    16954 : C45;
    16955 : C45;
    16956 : C45;
    16957 : C45;
    16958 : B45;
    16959 : C45;
    16960 : 624;
    16961 : 724;
    16962 : 724;
    16963 : 624;
    16964 : 323;
    16965 : 624;
    16966 : 725;
    16967 : 724;
    16968 : 424;
    16969 : 624;
    16970 : 624;
    16971 : 524;
    16972 : 735;
    16973 : 724;
    16974 : 724;
    16975 : 624;
    16976 : 624;
    16977 : 735;
    16978 : 735;
    16979 : 735;
    16980 : 734;
    16981 : 313;
    16982 : 724;
    16983 : 725;
    16984 : 424;
    16985 : 624;
    16986 : 734;
    16987 : 735;
    16988 : 424;
    16989 : 624;
    16990 : 624;
    16991 : 735;
    16992 : 734;
    16993 : 624;
    16994 : 624;
    16995 : 313;
    16996 : 624;
    16997 : 724;
    16998 : 624;
    16999 : 624;
    17000 : 624;
    17001 : 735;
    17002 : 634;
    17003 : 624;
    17004 : 624;
    17005 : 624;
    17006 : 624;
    17007 : 624;
    17008 : 424;
    17009 : 624;
    17010 : 734;
    17011 : 624;
    17012 : 313;
    17013 : 624;
    17014 : 724;
    17015 : 724;
    17016 : 424;
    17017 : 624;
    17018 : 734;
    17019 : 725;
    17020 : 624;
    17021 : 624;
    17022 : 424;
    17023 : 624;
    17024 : 624;
    17025 : 624;
    17026 : 323;
    17027 : 624;
    17028 : 624;
    17029 : 624;
    17030 : 624;
    17031 : 313;
    17032 : 624;
    17033 : 734;
    17034 : 624;
    17035 : 524;
    17036 : 524;
    17037 : 724;
    17038 : 624;
    17039 : 624;
    17040 : 734;
    17041 : 724;
    17042 : 735;
    17043 : 724;
    17044 : 624;
    17045 : 624;
    17046 : 725;
    17047 : 624;
    17048 : 324;
    17049 : 735;
    17050 : 624;
    17051 : 624;
    17052 : 634;
    17053 : 324;
    17054 : 634;
    17055 : 624;
    17056 : 734;
    17057 : 724;
    17058 : 424;
    17059 : 624;
    17060 : 624;
    17061 : 724;
    17062 : 424;
    17063 : 624;
    17064 : 724;
    17065 : 735;
    17066 : 624;
    17067 : 624;
    17068 : 835;
    17069 : 313;
    17070 : 734;
    17071 : 624;
    17072 : 624;
    17073 : 624;
    17074 : 735;
    17075 : 734;
    17076 : 634;
    17077 : 734;
    17078 : 735;
    17079 : 634;
    17080 : 313;
    17081 : 634;
    17082 : 624;
    17083 : 624;
    17084 : 424;
    17085 : 624;
    17086 : 624;
    17087 : 624;
    17088 : 624;
    17089 : 424;
    17090 : 724;
    17091 : 725;
    17092 : 624;
    17093 : 313;
    17094 : 734;
    17095 : 835;
    17096 : 735;
    17097 : 624;
    17098 : 624;
    17099 : 314;
    17100 : 724;
    17101 : 624;
    17102 : 724;
    17103 : 624;
    17104 : 624;
    17105 : 624;
    17106 : 624;
    17107 : 624;
    17108 : 323;
    17109 : 735;
    17110 : 624;
    17111 : 624;
    17112 : 734;
    17113 : 724;
    17114 : 313;
    17115 : 624;
    17116 : 735;
    17117 : 624;
    17118 : 724;
    17119 : 724;
    17120 : 624;
    17121 : 624;
    17122 : 624;
    17123 : 724;
    17124 : 524;
    17125 : 724;
    17126 : 624;
    17127 : 624;
    17128 : 624;
    17129 : 724;
    17130 : 724;
    17131 : 524;
    17132 : 724;
    17133 : 724;
    17134 : 724;
    17135 : 724;
    17136 : 624;
    17137 : 523;
    17138 : 724;
    17139 : 724;
    17140 : 724;
    17141 : 624;
    17142 : 724;
    17143 : 724;
    17144 : 624;
    17145 : 724;
    17146 : 724;
    17147 : 724;
    17148 : 524;
    17149 : 724;
    17150 : 724;
    17151 : 724;
    17152 : 624;
    17153 : 724;
    17154 : 724;
    17155 : 524;
    17156 : 934;
    17157 : 724;
    17158 : 724;
    17159 : 724;
    17160 : 524;
    17161 : 724;
    17162 : 724;
    17163 : 724;
    17164 : 724;
    17165 : 724;
    17166 : 724;
    17167 : 724;
    17168 : 524;
    17169 : 724;
    17170 : 724;
    17171 : 724;
    17172 : 524;
    17173 : 723;
    17174 : 624;
    17175 : 724;
    17176 : 724;
    17177 : 724;
    17178 : 724;
    17179 : 724;
    17180 : 624;
    17181 : 724;
    17182 : 524;
    17183 : 724;
    17184 : 724;
    17185 : 724;
    17186 : 624;
    17187 : 724;
    17188 : 724;
    17189 : 724;
    17190 : 724;
    17191 : 523;
    17192 : 834;
    17193 : 724;
    17194 : 724;
    17195 : 724;
    17196 : 624;
    17197 : 824;
    17198 : 724;
    17199 : 624;
    17200 : B44;
    17201 : 724;
    17202 : 724;
    17203 : 824;
    17204 : 724;
    17205 : 724;
    17206 : 724;
    17207 : 724;
    17208 : 424;
    17209 : 824;
    17210 : 724;
    17211 : 724;
    17212 : 724;
    17213 : 423;
    17214 : 824;
    17215 : 724;
    17216 : 724;
    17217 : 624;
    17218 : 724;
    17219 : 724;
    17220 : 724;
    17221 : 624;
    17222 : 524;
    17223 : 724;
    17224 : 724;
    17225 : 724;
    17226 : 724;
    17227 : 724;
    17228 : 724;
    17229 : 524;
    17230 : 724;
    17231 : 724;
    17232 : 724;
    17233 : 413;
    17234 : 724;
    17235 : 724;
    17236 : 624;
    17237 : 724;
    17238 : 724;
    17239 : 724;
    17240 : 524;
    17241 : 724;
    17242 : 724;
    17243 : 724;
    17244 : 624;
    17245 : 824;
    17246 : 624;
    17247 : 724;
    17248 : 724;
    17249 : 313;
    17250 : 724;
    17251 : 724;
    17252 : 724;
    17253 : 524;
    17254 : 834;
    17255 : 724;
    17256 : 724;
    17257 : 724;
    17258 : 724;
    17259 : 413;
    17260 : 724;
    17261 : 724;
    17262 : 624;
    17263 : 624;
    17264 : 524;
    17265 : 624;
    17266 : 624;
    17267 : 724;
    17268 : 423;
    17269 : 724;
    17270 : 624;
    17271 : 724;
    17272 : 724;
    17273 : 624;
    17274 : 624;
    17275 : 623;
    17276 : 624;
    17277 : 724;
    17278 : 524;
    17279 : 624;
    17280 : 724;
    17281 : 724;
    17282 : 724;
    17283 : 724;
    17284 : 423;
    17285 : 724;
    17286 : 724;
    17287 : 724;
    17288 : 724;
    17289 : 724;
    17290 : 724;
    17291 : 724;
    17292 : 724;
    17293 : 724;
    17294 : 724;
    17295 : 724;
    17296 : 724;
    17297 : 724;
    17298 : 724;
    17299 : 724;
    17300 : 724;
    17301 : 824;
    17302 : 724;
    17303 : 724;
    17304 : 724;
    17305 : 724;
    17306 : 724;
    17307 : 724;
    17308 : 523;
    17309 : 724;
    17310 : 724;
    17311 : 724;
    17312 : 724;
    17313 : 724;
    17314 : 724;
    17315 : 724;
    17316 : 724;
    17317 : 724;
    17318 : 724;
    17319 : 724;
    17320 : 724;
    17321 : 724;
    17322 : 724;
    17323 : 724;
    17324 : 724;
    17325 : 724;
    17326 : 724;
    17327 : 724;
    17328 : 724;
    17329 : 724;
    17330 : 724;
    17331 : 724;
    17332 : 724;
    17333 : 724;
    17334 : 724;
    17335 : 724;
    17336 : 724;
    17337 : 724;
    17338 : 724;
    17339 : 724;
    17340 : 724;
    17341 : 724;
    17342 : 523;
    17343 : 724;
    17344 : 724;
    17345 : 724;
    17346 : 724;
    17347 : 724;
    17348 : 724;
    17349 : 724;
    17350 : 724;
    17351 : 724;
    17352 : 724;
    17353 : 724;
    17354 : 724;
    17355 : 724;
    17356 : 824;
    17357 : 724;
    17358 : 724;
    17359 : 724;
    17360 : 724;
    17361 : 724;
    17362 : 724;
    17363 : 724;
    17364 : 724;
    17365 : 724;
    17366 : 724;
    17367 : 724;
    17368 : 623;
    17369 : 724;
    17370 : 724;
    17371 : 724;
    17372 : 724;
    17373 : 724;
    17374 : 724;
    17375 : 724;
    17376 : 724;
    17377 : 724;
    17378 : 724;
    17379 : 724;
    17380 : 724;
    17381 : 724;
    17382 : 724;
    17383 : 724;
    17384 : 724;
    17385 : 724;
    17386 : 724;
    17387 : 724;
    17388 : 724;
    17389 : 724;
    17390 : 724;
    17391 : 724;
    17392 : 724;
    17393 : 524;
    17394 : 724;
    17395 : 724;
    17396 : 724;
    17397 : 724;
    17398 : 724;
    17399 : 724;
    17400 : 524;
    17401 : 523;
    17402 : 724;
    17403 : 724;
    17404 : 724;
    17405 : 724;
    17406 : 724;
    17407 : 724;
    17408 : 724;
    17409 : 524;
    17410 : 724;
    17411 : 724;
    17412 : 724;
    17413 : 724;
    17414 : 724;
    17415 : 724;
    17416 : 724;
    17417 : 724;
    17418 : 724;
    17419 : 523;
    17420 : 724;
    17421 : 724;
    17422 : 724;
    17423 : 724;
    17424 : 724;
    17425 : 724;
    17426 : 724;
    17427 : 724;
    17428 : 523;
    17429 : 724;
    17430 : 724;
    17431 : 724;
    17432 : 724;
    17433 : 724;
    17434 : 724;
    17435 : 724;
    17436 : 724;
    17437 : 724;
    17438 : 724;
    17439 : 724;
    17440 : 724;
    17441 : 724;
    17442 : 724;
    17443 : 724;
    17444 : 524;
    17445 : 724;
    17446 : 724;
    17447 : 724;
    17448 : 724;
    17449 : 724;
    17450 : 724;
    17451 : 724;
    17452 : 724;
    17453 : 724;
    17454 : 724;
    17455 : 724;
    17456 : 724;
    17457 : 724;
    17458 : 724;
    17459 : 724;
    17460 : 724;
    17461 : 724;
    17462 : 724;
    17463 : 724;
    17464 : 724;
    17465 : 724;
    17466 : 724;
    17467 : 724;
    17468 : 523;
    17469 : 724;
    17470 : 724;
    17471 : 724;
    17472 : 724;
    17473 : 724;
    17474 : 724;
    17475 : 724;
    17476 : 724;
    17477 : 724;
    17478 : 724;
    17479 : 724;
    17480 : 724;
    17481 : 724;
    17482 : 724;
    17483 : 724;
    17484 : 724;
    17485 : 724;
    17486 : 724;
    17487 : 724;
    17488 : 724;
    17489 : 724;
    17490 : 724;
    17491 : 724;
    17492 : 724;
    17493 : 724;
    17494 : 724;
    17495 : 724;
    17496 : 724;
    17497 : 724;
    17498 : 724;
    17499 : 724;
    17500 : 724;
    17501 : 724;
    17502 : 524;
    17503 : 724;
    17504 : 724;
    17505 : 724;
    17506 : 724;
    17507 : 724;
    17508 : 724;
    17509 : 724;
    17510 : 724;
    17511 : 824;
    17512 : 724;
    17513 : 724;
    17514 : 724;
    17515 : 724;
    17516 : 624;
    17517 : 724;
    17518 : 724;
    17519 : 724;
    17520 : 724;
    17521 : 724;
    17522 : 724;
    17523 : 724;
    17524 : 724;
    17525 : 724;
    17526 : 724;
    17527 : 724;
    17528 : 623;
    17529 : 724;
    17530 : 724;
    17531 : 724;
    17532 : 724;
    17533 : 724;
    17534 : 724;
    17535 : 724;
    17536 : 724;
    17537 : 724;
    17538 : 724;
    17539 : 724;
    17540 : 724;
    17541 : 724;
    17542 : 724;
    17543 : 724;
    17544 : 724;
    17545 : 724;
    17546 : 724;
    17547 : 724;
    17548 : 724;
    17549 : 724;
    17550 : 724;
    17551 : 724;
    17552 : 724;
    17553 : 523;
    17554 : 724;
    17555 : 724;
    17556 : 724;
    17557 : 724;
    17558 : 724;
    17559 : 724;
    17560 : 423;
    17561 : 724;
    17562 : 724;
    17563 : 724;
    17564 : 724;
    17565 : 724;
    17566 : 933;
    17567 : 724;
    17568 : 724;
    17569 : 523;
    17570 : 724;
    17571 : 724;
    17572 : 724;
    17573 : 724;
    17574 : 724;
    17575 : 724;
    17576 : 724;
    17577 : 724;
    17578 : 724;
    17579 : 524;
    17580 : 724;
    17581 : 724;
    17582 : 724;
    17583 : 724;
    17584 : 724;
    17585 : 724;
    17586 : 724;
    17587 : 724;
    17588 : 624;
    17589 : 724;
    17590 : 724;
    17591 : 724;
    17592 : 724;
    17593 : 724;
    17594 : 724;
    17595 : 724;
    17596 : 724;
    17597 : 724;
    17598 : 724;
    17599 : 724;
    17600 : 524;
    17601 : 524;
    17602 : 524;
    17603 : 524;
    17604 : 313;
    17605 : 524;
    17606 : 524;
    17607 : 513;
    17608 : 423;
    17609 : 524;
    17610 : 524;
    17611 : 524;
    17612 : 524;
    17613 : 524;
    17614 : 524;
    17615 : 524;
    17616 : 524;
    17617 : 524;
    17618 : 524;
    17619 : 524;
    17620 : 524;
    17621 : 423;
    17622 : 523;
    17623 : 524;
    17624 : 424;
    17625 : 524;
    17626 : 524;
    17627 : 524;
    17628 : 313;
    17629 : 524;
    17630 : 524;
    17631 : 524;
    17632 : 524;
    17633 : 524;
    17634 : 524;
    17635 : 424;
    17636 : 524;
    17637 : 524;
    17638 : 524;
    17639 : 423;
    17640 : 423;
    17641 : 523;
    17642 : 524;
    17643 : 524;
    17644 : 524;
    17645 : 523;
    17646 : 524;
    17647 : 524;
    17648 : 323;
    17649 : 524;
    17650 : 514;
    17651 : 514;
    17652 : 424;
    17653 : 524;
    17654 : 524;
    17655 : 524;
    17656 : 524;
    17657 : 524;
    17658 : 524;
    17659 : 524;
    17660 : 524;
    17661 : 524;
    17662 : 323;
    17663 : 524;
    17664 : 524;
    17665 : 524;
    17666 : 423;
    17667 : 424;
    17668 : 524;
    17669 : 524;
    17670 : 524;
    17671 : 524;
    17672 : 524;
    17673 : 524;
    17674 : 524;
    17675 : 524;
    17676 : 424;
    17677 : 424;
    17678 : 514;
    17679 : 524;
    17680 : 524;
    17681 : 524;
    17682 : 524;
    17683 : 524;
    17684 : 524;
    17685 : 524;
    17686 : 424;
    17687 : 524;
    17688 : 323;
    17689 : 524;
    17690 : 524;
    17691 : 524;
    17692 : 524;
    17693 : 524;
    17694 : 524;
    17695 : 524;
    17696 : 424;
    17697 : 524;
    17698 : 524;
    17699 : 524;
    17700 : 524;
    17701 : 524;
    17702 : 424;
    17703 : 524;
    17704 : 424;
    17705 : 524;
    17706 : 524;
    17707 : 524;
    17708 : 524;
    17709 : 424;
    17710 : 524;
    17711 : 513;
    17712 : 524;
    17713 : 423;
    17714 : 524;
    17715 : 524;
    17716 : 524;
    17717 : 524;
    17718 : 524;
    17719 : 524;
    17720 : 313;
    17721 : 524;
    17722 : 524;
    17723 : 424;
    17724 : 524;
    17725 : 524;
    17726 : 524;
    17727 : 523;
    17728 : 524;
    17729 : 313;
    17730 : 524;
    17731 : 524;
    17732 : 424;
    17733 : 424;
    17734 : 524;
    17735 : 524;
    17736 : 524;
    17737 : 524;
    17738 : 524;
    17739 : 323;
    17740 : 524;
    17741 : 524;
    17742 : 524;
    17743 : 524;
    17744 : 524;
    17745 : 524;
    17746 : 524;
    17747 : 524;
    17748 : 323;
    17749 : 524;
    17750 : 524;
    17751 : 524;
    17752 : 424;
    17753 : 524;
    17754 : 413;
    17755 : 524;
    17756 : 524;
    17757 : 524;
    17758 : 524;
    17759 : 524;
    17760 : 323;
    17761 : 323;
    17762 : 323;
    17763 : 323;
    17764 : 323;
    17765 : 323;
    17766 : 313;
    17767 : 313;
    17768 : 313;
    17769 : 323;
    17770 : 323;
    17771 : 313;
    17772 : 313;
    17773 : 323;
    17774 : 323;
    17775 : 323;
    17776 : 323;
    17777 : 313;
    17778 : 323;
    17779 : 313;
    17780 : 313;
    17781 : 323;
    17782 : 323;
    17783 : 323;
    17784 : 313;
    17785 : 323;
    17786 : 323;
    17787 : 323;
    17788 : 313;
    17789 : 323;
    17790 : 323;
    17791 : 323;
    17792 : 323;
    17793 : 323;
    17794 : 323;
    17795 : 313;
    17796 : 323;
    17797 : 323;
    17798 : 323;
    17799 : 323;
    17800 : 323;
    17801 : 323;
    17802 : 323;
    17803 : 323;
    17804 : 323;
    17805 : 323;
    17806 : 313;
    17807 : 313;
    17808 : 323;
    17809 : 313;
    17810 : 323;
    17811 : 313;
    17812 : 323;
    17813 : 313;
    17814 : 323;
    17815 : 323;
    17816 : 323;
    17817 : 313;
    17818 : 323;
    17819 : 323;
    17820 : 313;
    17821 : 323;
    17822 : 313;
    17823 : 313;
    17824 : 323;
    17825 : 323;
    17826 : 323;
    17827 : 323;
    17828 : 323;
    17829 : 313;
    17830 : 313;
    17831 : 323;
    17832 : 323;
    17833 : 323;
    17834 : 323;
    17835 : 323;
    17836 : 313;
    17837 : 323;
    17838 : 313;
    17839 : 313;
    17840 : 313;
    17841 : 323;
    17842 : 323;
    17843 : 313;
    17844 : 313;
    17845 : 323;
    17846 : 323;
    17847 : 323;
    17848 : 313;
    17849 : 323;
    17850 : 323;
    17851 : 323;
    17852 : 313;
    17853 : 313;
    17854 : 323;
    17855 : 323;
    17856 : 313;
    17857 : 323;
    17858 : 323;
    17859 : 323;
    17860 : 323;
    17861 : 313;
    17862 : 313;
    17863 : 323;
    17864 : 323;
    17865 : 323;
    17866 : 313;
    17867 : 313;
    17868 : 323;
    17869 : 323;
    17870 : 323;
    17871 : 323;
    17872 : 323;
    17873 : 323;
    17874 : 323;
    17875 : 313;
    17876 : 323;
    17877 : 323;
    17878 : 323;
    17879 : 323;
    17880 : 323;
    17881 : 323;
    17882 : 323;
    17883 : 313;
    17884 : 323;
    17885 : 323;
    17886 : 323;
    17887 : 323;
    17888 : 313;
    17889 : 313;
    17890 : 323;
    17891 : 323;
    17892 : 313;
    17893 : 323;
    17894 : 323;
    17895 : 323;
    17896 : 313;
    17897 : 323;
    17898 : 323;
    17899 : 323;
    17900 : 313;
    17901 : 313;
    17902 : 323;
    17903 : 323;
    17904 : 323;
    17905 : 323;
    17906 : 323;
    17907 : 313;
    17908 : 313;
    17909 : 323;
    17910 : 323;
    17911 : 313;
    17912 : 313;
    17913 : 323;
    17914 : 323;
    17915 : 323;
    17916 : 323;
    17917 : 323;
    17918 : 323;
    17919 : 323;
    17920 : 313;
    17921 : 323;
    17922 : 323;
    17923 : 313;
    17924 : 323;
    17925 : 313;
    17926 : 313;
    17927 : 313;
    17928 : 313;
    17929 : 313;
    17930 : 313;
    17931 : 313;
    17932 : 313;
    17933 : 313;
    17934 : 323;
    17935 : 323;
    17936 : 323;
    17937 : 313;
    17938 : 313;
    17939 : 313;
    17940 : 323;
    17941 : 313;
    17942 : 323;
    17943 : 323;
    17944 : 313;
    17945 : 313;
    17946 : 323;
    17947 : 313;
    17948 : 323;
    17949 : 323;
    17950 : 323;
    17951 : 313;
    17952 : 313;
    17953 : 323;
    17954 : 323;
    17955 : 313;
    17956 : 313;
    17957 : 313;
    17958 : 323;
    17959 : 323;
    17960 : 323;
    17961 : 323;
    17962 : 323;
    17963 : 323;
    17964 : 323;
    17965 : 313;
    17966 : 323;
    17967 : 313;
    17968 : 313;
    17969 : 313;
    17970 : 323;
    17971 : 313;
    17972 : 313;
    17973 : 313;
    17974 : 323;
    17975 : 323;
    17976 : 323;
    17977 : 313;
    17978 : 313;
    17979 : 313;
    17980 : 313;
    17981 : 313;
    17982 : 313;
    17983 : 313;
    17984 : 313;
    17985 : 313;
    17986 : 313;
    17987 : 313;
    17988 : 323;
    17989 : 313;
    17990 : 323;
    17991 : 313;
    17992 : 313;
    17993 : 313;
    17994 : 313;
    17995 : 313;
    17996 : 323;
    17997 : 323;
    17998 : 313;
    17999 : 323;
    18000 : 313;
    18001 : 313;
    18002 : 313;
    18003 : 313;
    18004 : 323;
    18005 : 313;
    18006 : 313;
    18007 : 313;
    18008 : 313;
    18009 : 313;
    18010 : 323;
    18011 : 323;
    18012 : 313;
    18013 : 313;
    18014 : 313;
    18015 : 323;
    18016 : 323;
    18017 : 313;
    18018 : 323;
    18019 : 313;
    18020 : 313;
    18021 : 313;
    18022 : 313;
    18023 : 313;
    18024 : 313;
    18025 : 313;
    18026 : 323;
    18027 : 323;
    18028 : 313;
    18029 : 323;
    18030 : 323;
    18031 : 313;
    18032 : 313;
    18033 : 313;
    18034 : 313;
    18035 : 323;
    18036 : 323;
    18037 : 313;
    18038 : 323;
    18039 : 313;
    18040 : 323;
    18041 : 323;
    18042 : 313;
    18043 : 313;
    18044 : 323;
    18045 : 323;
    18046 : 313;
    18047 : 313;
    18048 : 313;
    18049 : 313;
    18050 : 313;
    18051 : 323;
    18052 : 323;
    18053 : 313;
    18054 : 323;
    18055 : 323;
    18056 : 323;
    18057 : 313;
    18058 : 313;
    18059 : 313;
    18060 : 313;
    18061 : 313;
    18062 : 313;
    18063 : 313;
    18064 : 323;
    18065 : 323;
    18066 : 323;
    18067 : 323;
    18068 : 323;
    18069 : 313;
    18070 : 313;
    18071 : 323;
    18072 : 323;
    18073 : 323;
    18074 : 313;
    18075 : 313;
    18076 : 323;
    18077 : 313;
    18078 : 313;
    18079 : 323;
    18080 : 313;
    18081 : 313;
    18082 : 323;
    18083 : 423;
    18084 : 423;
    18085 : 423;
    18086 : 413;
    18087 : 323;
    18088 : 423;
    18089 : 313;
    18090 : 313;
    18091 : 323;
    18092 : 313;
    18093 : 313;
    18094 : 423;
    18095 : 423;
    18096 : 313;
    18097 : 423;
    18098 : 423;
    18099 : 423;
    18100 : 313;
    18101 : 313;
    18102 : 323;
    18103 : 313;
    18104 : 323;
    18105 : 323;
    18106 : 313;
    18107 : 323;
    18108 : 323;
    18109 : 323;
    18110 : 423;
    18111 : 424;
    18112 : 424;
    18113 : 413;
    18114 : 323;
    18115 : 423;
    18116 : 313;
    18117 : 423;
    18118 : 423;
    18119 : 323;
    18120 : 323;
    18121 : 313;
    18122 : 323;
    18123 : 423;
    18124 : 424;
    18125 : 424;
    18126 : 423;
    18127 : 313;
    18128 : 423;
    18129 : 323;
    18130 : 313;
    18131 : 313;
    18132 : 413;
    18133 : 413;
    18134 : 313;
    18135 : 323;
    18136 : 313;
    18137 : 413;
    18138 : 423;
    18139 : 423;
    18140 : 313;
    18141 : 313;
    18142 : 423;
    18143 : 413;
    18144 : 423;
    18145 : 313;
    18146 : 313;
    18147 : 313;
    18148 : 323;
    18149 : 423;
    18150 : 323;
    18151 : 423;
    18152 : 423;
    18153 : 423;
    18154 : 323;
    18155 : 323;
    18156 : 323;
    18157 : 313;
    18158 : 323;
    18159 : 413;
    18160 : 423;
    18161 : 313;
    18162 : 313;
    18163 : 423;
    18164 : 423;
    18165 : 323;
    18166 : 423;
    18167 : 423;
    18168 : 423;
    18169 : 313;
    18170 : 413;
    18171 : 413;
    18172 : 313;
    18173 : 313;
    18174 : 313;
    18175 : 313;
    18176 : 313;
    18177 : 313;
    18178 : 323;
    18179 : 423;
    18180 : 424;
    18181 : 423;
    18182 : 313;
    18183 : 313;
    18184 : 313;
    18185 : 313;
    18186 : 313;
    18187 : 323;
    18188 : 323;
    18189 : 313;
    18190 : 423;
    18191 : 423;
    18192 : 423;
    18193 : 423;
    18194 : 423;
    18195 : 313;
    18196 : 323;
    18197 : 323;
    18198 : 323;
    18199 : 313;
    18200 : 323;
    18201 : 313;
    18202 : 423;
    18203 : 423;
    18204 : 313;
    18205 : 424;
    18206 : 424;
    18207 : 423;
    18208 : 313;
    18209 : 313;
    18210 : 323;
    18211 : 323;
    18212 : 423;
    18213 : 313;
    18214 : 413;
    18215 : 323;
    18216 : 323;
    18217 : 313;
    18218 : 424;
    18219 : 424;
    18220 : 424;
    18221 : 313;
    18222 : 313;
    18223 : 313;
    18224 : 423;
    18225 : 313;
    18226 : 323;
    18227 : 313;
    18228 : 313;
    18229 : 323;
    18230 : 323;
    18231 : 423;
    18232 : 423;
    18233 : 423;
    18234 : 313;
    18235 : 323;
    18236 : 323;
    18237 : 313;
    18238 : 323;
    18239 : 313;
    18240 : 323;
    18241 : 323;
    18242 : 423;
    18243 : 423;
    18244 : 423;
    18245 : 423;
    18246 : 423;
    18247 : 423;
    18248 : 323;
    18249 : 313;
    18250 : 423;
    18251 : 323;
    18252 : 413;
    18253 : 323;
    18254 : 323;
    18255 : 313;
    18256 : 413;
    18257 : 423;
    18258 : 423;
    18259 : 423;
    18260 : 424;
    18261 : 313;
    18262 : 413;
    18263 : 313;
    18264 : 313;
    18265 : 313;
    18266 : 313;
    18267 : 413;
    18268 : 413;
    18269 : 313;
    18270 : 424;
    18271 : 424;
    18272 : 423;
    18273 : 423;
    18274 : 423;
    18275 : 313;
    18276 : 413;
    18277 : 413;
    18278 : 413;
    18279 : 313;
    18280 : 313;
    18281 : 423;
    18282 : 323;
    18283 : 413;
    18284 : 423;
    18285 : 523;
    18286 : 423;
    18287 : 423;
    18288 : 313;
    18289 : 313;
    18290 : 323;
    18291 : 313;
    18292 : 413;
    18293 : 413;
    18294 : 423;
    18295 : 313;
    18296 : 423;
    18297 : 523;
    18298 : 523;
    18299 : 413;
    18300 : 423;
    18301 : 313;
    18302 : 423;
    18303 : 313;
    18304 : 423;
    18305 : 423;
    18306 : 313;
    18307 : 313;
    18308 : 413;
    18309 : 423;
    18310 : 413;
    18311 : 413;
    18312 : 523;
    18313 : 523;
    18314 : 423;
    18315 : 313;
    18316 : 313;
    18317 : 423;
    18318 : 413;
    18319 : 413;
    18320 : 313;
    18321 : 313;
    18322 : 313;
    18323 : 313;
    18324 : 323;
    18325 : 423;
    18326 : 423;
    18327 : 523;
    18328 : 523;
    18329 : 413;
    18330 : 313;
    18331 : 413;
    18332 : 423;
    18333 : 313;
    18334 : 313;
    18335 : 313;
    18336 : 423;
    18337 : 313;
    18338 : 423;
    18339 : 424;
    18340 : 523;
    18341 : 424;
    18342 : 424;
    18343 : 313;
    18344 : 313;
    18345 : 313;
    18346 : 313;
    18347 : 413;
    18348 : 423;
    18349 : 413;
    18350 : 423;
    18351 : 423;
    18352 : 423;
    18353 : 423;
    18354 : 423;
    18355 : 413;
    18356 : 313;
    18357 : 313;
    18358 : 423;
    18359 : 423;
    18360 : 423;
    18361 : 413;
    18362 : 423;
    18363 : 323;
    18364 : 423;
    18365 : 423;
    18366 : 523;
    18367 : 423;
    18368 : 423;
    18369 : 323;
    18370 : 413;
    18371 : 323;
    18372 : 413;
    18373 : 313;
    18374 : 313;
    18375 : 423;
    18376 : 323;
    18377 : 423;
    18378 : 424;
    18379 : 523;
    18380 : 423;
    18381 : 423;
    18382 : 313;
    18383 : 413;
    18384 : 313;
    18385 : 423;
    18386 : 313;
    18387 : 313;
    18388 : 313;
    18389 : 323;
    18390 : 423;
    18391 : 423;
    18392 : 423;
    18393 : 413;
    18394 : 413;
    18395 : 313;
    18396 : 323;
    18397 : 313;
    18398 : 423;
    18399 : 313;
    18400 : 423;
    18401 : 323;
    18402 : 423;
    18403 : 413;
    18404 : 623;
    18405 : 623;
    18406 : 523;
    18407 : 423;
    18408 : 323;
    18409 : 423;
    18410 : 423;
    18411 : 313;
    18412 : 313;
    18413 : 423;
    18414 : 423;
    18415 : 423;
    18416 : 423;
    18417 : 623;
    18418 : 723;
    18419 : 523;
    18420 : 423;
    18421 : 313;
    18422 : 423;
    18423 : 423;
    18424 : 423;
    18425 : 423;
    18426 : 423;
    18427 : 413;
    18428 : 313;
    18429 : 423;
    18430 : 423;
    18431 : 623;
    18432 : 623;
    18433 : 523;
    18434 : 423;
    18435 : 313;
    18436 : 423;
    18437 : 313;
    18438 : 313;
    18439 : 423;
    18440 : 313;
    18441 : 313;
    18442 : 413;
    18443 : 523;
    18444 : 723;
    18445 : 723;
    18446 : 623;
    18447 : 423;
    18448 : 313;
    18449 : 423;
    18450 : 413;
    18451 : 313;
    18452 : 313;
    18453 : 323;
    18454 : 423;
    18455 : 413;
    18456 : 523;
    18457 : 623;
    18458 : 922;
    18459 : 623;
    18460 : 423;
    18461 : 313;
    18462 : 313;
    18463 : 323;
    18464 : 323;
    18465 : 423;
    18466 : 323;
    18467 : 423;
    18468 : 423;
    18469 : 323;
    18470 : 523;
    18471 : 623;
    18472 : 822;
    18473 : 623;
    18474 : 523;
    18475 : 423;
    18476 : 313;
    18477 : 423;
    18478 : 423;
    18479 : 423;
    18480 : 423;
    18481 : 423;
    18482 : 423;
    18483 : 313;
    18484 : 313;
    18485 : 523;
    18486 : 623;
    18487 : 723;
    18488 : 623;
    18489 : 423;
    18490 : 313;
    18491 : 423;
    18492 : 423;
    18493 : 423;
    18494 : 313;
    18495 : 313;
    18496 : 423;
    18497 : 323;
    18498 : 423;
    18499 : 523;
    18500 : 723;
    18501 : 523;
    18502 : 523;
    18503 : 313;
    18504 : 423;
    18505 : 413;
    18506 : 313;
    18507 : 413;
    18508 : 423;
    18509 : 413;
    18510 : 423;
    18511 : 423;
    18512 : 623;
    18513 : 723;
    18514 : 523;
    18515 : 423;
    18516 : 323;
    18517 : 423;
    18518 : 423;
    18519 : 423;
    18520 : 423;
    18521 : 313;
    18522 : 413;
    18523 : 423;
    18524 : 423;
    18525 : 623;
    18526 : 822;
    18527 : 523;
    18528 : 423;
    18529 : 313;
    18530 : 423;
    18531 : 413;
    18532 : 313;
    18533 : 313;
    18534 : 413;
    18535 : 423;
    18536 : 424;
    18537 : 423;
    18538 : 623;
    18539 : 933;
    18540 : 523;
    18541 : 423;
    18542 : 313;
    18543 : 423;
    18544 : 313;
    18545 : 323;
    18546 : 313;
    18547 : 413;
    18548 : 423;
    18549 : 323;
    18550 : 413;
    18551 : 523;
    18552 : 932;
    18553 : 623;
    18554 : 423;
    18555 : 323;
    18556 : 423;
    18557 : 423;
    18558 : 313;
    18559 : 313;
    18560 : 423;
    18561 : 423;
    18562 : 323;
    18563 : 423;
    18564 : 423;
    18565 : 423;
    18566 : 423;
    18567 : 323;
    18568 : 313;
    18569 : 423;
    18570 : 423;
    18571 : 423;
    18572 : 413;
    18573 : 423;
    18574 : 423;
    18575 : 313;
    18576 : 423;
    18577 : 423;
    18578 : 323;
    18579 : 413;
    18580 : 313;
    18581 : 313;
    18582 : 423;
    18583 : 413;
    18584 : 423;
    18585 : 413;
    18586 : 423;
    18587 : 423;
    18588 : 424;
    18589 : 323;
    18590 : 424;
    18591 : 423;
    18592 : 423;
    18593 : 423;
    18594 : 323;
    18595 : 323;
    18596 : 413;
    18597 : 423;
    18598 : 423;
    18599 : 423;
    18600 : 423;
    18601 : 413;
    18602 : 313;
    18603 : 423;
    18604 : 423;
    18605 : 423;
    18606 : 423;
    18607 : 313;
    18608 : 313;
    18609 : 423;
    18610 : 423;
    18611 : 413;
    18612 : 413;
    18613 : 413;
    18614 : 423;
    18615 : 313;
    18616 : 423;
    18617 : 423;
    18618 : 323;
    18619 : 423;
    18620 : 323;
    18621 : 323;
    18622 : 423;
    18623 : 423;
    18624 : 423;
    18625 : 423;
    18626 : 423;
    18627 : 423;
    18628 : 423;
    18629 : 323;
    18630 : 423;
    18631 : 423;
    18632 : 313;
    18633 : 423;
    18634 : 423;
    18635 : 323;
    18636 : 423;
    18637 : 423;
    18638 : 423;
    18639 : 313;
    18640 : 413;
    18641 : 423;
    18642 : 413;
    18643 : 413;
    18644 : 313;
    18645 : 323;
    18646 : 423;
    18647 : 423;
    18648 : 423;
    18649 : 423;
    18650 : 323;
    18651 : 423;
    18652 : 423;
    18653 : 423;
    18654 : 413;
    18655 : 413;
    18656 : 423;
    18657 : 323;
    18658 : 323;
    18659 : 423;
    18660 : 423;
    18661 : 423;
    18662 : 423;
    18663 : 313;
    18664 : 423;
    18665 : 423;
    18666 : 423;
    18667 : 413;
    18668 : 423;
    18669 : 423;
    18670 : 323;
    18671 : 424;
    18672 : 413;
    18673 : 423;
    18674 : 423;
    18675 : 323;
    18676 : 313;
    18677 : 423;
    18678 : 423;
    18679 : 423;
    18680 : 423;
    18681 : 423;
    18682 : 423;
    18683 : 323;
    18684 : 313;
    18685 : 423;
    18686 : 423;
    18687 : 423;
    18688 : 423;
    18689 : 313;
    18690 : 423;
    18691 : 423;
    18692 : 413;
    18693 : 413;
    18694 : 423;
    18695 : 423;
    18696 : 323;
    18697 : 423;
    18698 : 423;
    18699 : 323;
    18700 : 423;
    18701 : 323;
    18702 : 323;
    18703 : 423;
    18704 : 423;
    18705 : 423;
    18706 : 423;
    18707 : 423;
    18708 : 423;
    18709 : 323;
    18710 : 423;
    18711 : 423;
    18712 : 423;
    18713 : 423;
    18714 : 313;
    18715 : 313;
    18716 : 423;
    18717 : 413;
    18718 : 413;
    18719 : 413;
    18720 : 423;
    18721 : 423;
    18722 : 524;
    18723 : 523;
    18724 : 523;
    18725 : 523;
    18726 : 523;
    18727 : 423;
    18728 : 423;
    18729 : 423;
    18730 : 413;
    18731 : 423;
    18732 : 423;
    18733 : 413;
    18734 : 423;
    18735 : 313;
    18736 : 523;
    18737 : 523;
    18738 : 523;
    18739 : 523;
    18740 : 523;
    18741 : 313;
    18742 : 423;
    18743 : 413;
    18744 : 413;
    18745 : 423;
    18746 : 423;
    18747 : 423;
    18748 : 423;
    18749 : 423;
    18750 : 523;
    18751 : 523;
    18752 : 523;
    18753 : 523;
    18754 : 523;
    18755 : 323;
    18756 : 423;
    18757 : 423;
    18758 : 423;
    18759 : 423;
    18760 : 423;
    18761 : 413;
    18762 : 423;
    18763 : 523;
    18764 : 523;
    18765 : 523;
    18766 : 523;
    18767 : 523;
    18768 : 313;
    18769 : 413;
    18770 : 413;
    18771 : 413;
    18772 : 413;
    18773 : 423;
    18774 : 423;
    18775 : 323;
    18776 : 523;
    18777 : 523;
    18778 : 523;
    18779 : 523;
    18780 : 523;
    18781 : 313;
    18782 : 423;
    18783 : 423;
    18784 : 423;
    18785 : 413;
    18786 : 413;
    18787 : 423;
    18788 : 423;
    18789 : 423;
    18790 : 413;
    18791 : 523;
    18792 : 523;
    18793 : 523;
    18794 : 523;
    18795 : 313;
    18796 : 423;
    18797 : 423;
    18798 : 413;
    18799 : 413;
    18800 : 413;
    18801 : 413;
    18802 : 413;
    18803 : 423;
    18804 : 313;
    18805 : 524;
    18806 : 523;
    18807 : 523;
    18808 : 523;
    18809 : 523;
    18810 : 323;
    18811 : 423;
    18812 : 413;
    18813 : 413;
    18814 : 423;
    18815 : 413;
    18816 : 413;
    18817 : 313;
    18818 : 523;
    18819 : 523;
    18820 : 523;
    18821 : 523;
    18822 : 513;
    18823 : 313;
    18824 : 423;
    18825 : 423;
    18826 : 413;
    18827 : 413;
    18828 : 423;
    18829 : 423;
    18830 : 423;
    18831 : 523;
    18832 : 523;
    18833 : 523;
    18834 : 523;
    18835 : 423;
    18836 : 323;
    18837 : 423;
    18838 : 423;
    18839 : 423;
    18840 : 423;
    18841 : 423;
    18842 : 423;
    18843 : 313;
    18844 : 523;
    18845 : 523;
    18846 : 523;
    18847 : 523;
    18848 : 523;
    18849 : 323;
    18850 : 424;
    18851 : 423;
    18852 : 423;
    18853 : 413;
    18854 : 423;
    18855 : 413;
    18856 : 313;
    18857 : 523;
    18858 : 523;
    18859 : 523;
    18860 : 523;
    18861 : 523;
    18862 : 313;
    18863 : 413;
    18864 : 413;
    18865 : 413;
    18866 : 423;
    18867 : 423;
    18868 : 423;
    18869 : 313;
    18870 : 523;
    18871 : 523;
    18872 : 523;
    18873 : 523;
    18874 : 523;
    18875 : 313;
    18876 : 413;
    18877 : 413;
    18878 : 313;
    18879 : 313;
    18880 : 423;
    18881 : 423;
    18882 : 423;
    18883 : 523;
    18884 : 524;
    18885 : 523;
    18886 : 523;
    18887 : 423;
    18888 : 423;
    18889 : 413;
    18890 : 423;
    18891 : 423;
    18892 : 423;
    18893 : 323;
    18894 : 413;
    18895 : 313;
    18896 : 523;
    18897 : 523;
    18898 : 523;
    18899 : 523;
    18900 : 523;
    18901 : 323;
    18902 : 423;
    18903 : 423;
    18904 : 423;
    18905 : 413;
    18906 : 423;
    18907 : 423;
    18908 : 423;
    18909 : 413;
    18910 : 423;
    18911 : 523;
    18912 : 523;
    18913 : 523;
    18914 : 413;
    18915 : 323;
    18916 : 423;
    18917 : 423;
    18918 : 423;
    18919 : 413;
    18920 : 413;
    18921 : 413;
    18922 : 423;
    18923 : 523;
    18924 : 523;
    18925 : 523;
    18926 : 523;
    18927 : 523;
    18928 : 313;
    18929 : 423;
    18930 : 413;
    18931 : 413;
    18932 : 413;
    18933 : 413;
    18934 : 413;
    18935 : 313;
    18936 : 423;
    18937 : 523;
    18938 : 523;
    18939 : 523;
    18940 : 413;
    18941 : 313;
    18942 : 423;
    18943 : 423;
    18944 : 423;
    18945 : 413;
    18946 : 413;
    18947 : 413;
    18948 : 423;
    18949 : 313;
    18950 : 423;
    18951 : 523;
    18952 : 523;
    18953 : 623;
    18954 : 523;
    18955 : 423;
    18956 : 423;
    18957 : 413;
    18958 : 413;
    18959 : 423;
    18960 : 413;
    18961 : 313;
    18962 : 413;
    18963 : 413;
    18964 : 313;
    18965 : 523;
    18966 : 523;
    18967 : 523;
    18968 : 523;
    18969 : 523;
    18970 : 313;
    18971 : 423;
    18972 : 423;
    18973 : 423;
    18974 : 423;
    18975 : 423;
    18976 : 423;
    18977 : 313;
    18978 : 523;
    18979 : 523;
    18980 : 523;
    18981 : 523;
    18982 : 423;
    18983 : 313;
    18984 : 423;
    18985 : 423;
    18986 : 423;
    18987 : 413;
    18988 : 413;
    18989 : 413;
    18990 : 413;
    18991 : 523;
    18992 : 523;
    18993 : 523;
    18994 : 523;
    18995 : 423;
    18996 : 313;
    18997 : 423;
    18998 : 413;
    18999 : 423;
    19000 : 423;
    19001 : 423;
    19002 : 423;
    19003 : 313;
    19004 : 424;
    19005 : 523;
    19006 : 523;
    19007 : 523;
    19008 : 423;
    19009 : 313;
    19010 : 423;
    19011 : 423;
    19012 : 423;
    19013 : 423;
    19014 : 423;
    19015 : 413;
    19016 : 313;
    19017 : 523;
    19018 : 524;
    19019 : 523;
    19020 : 523;
    19021 : 523;
    19022 : 313;
    19023 : 413;
    19024 : 413;
    19025 : 423;
    19026 : 423;
    19027 : 423;
    19028 : 423;
    19029 : 323;
    19030 : 423;
    19031 : 523;
    19032 : 523;
    19033 : 523;
    19034 : 413;
    19035 : 313;
    19036 : 423;
    19037 : 313;
    19038 : 413;
    19039 : 313;
    19040 : 313;
    19041 : 323;
    19042 : 423;
    19043 : 424;
    19044 : 524;
    19045 : 524;
    19046 : 524;
    19047 : 423;
    19048 : 313;
    19049 : 413;
    19050 : 423;
    19051 : 413;
    19052 : 413;
    19053 : 313;
    19054 : 413;
    19055 : 313;
    19056 : 423;
    19057 : 523;
    19058 : 523;
    19059 : 513;
    19060 : 423;
    19061 : 323;
    19062 : 413;
    19063 : 413;
    19064 : 313;
    19065 : 423;
    19066 : 413;
    19067 : 413;
    19068 : 413;
    19069 : 423;
    19070 : 413;
    19071 : 523;
    19072 : 523;
    19073 : 413;
    19074 : 413;
    19075 : 313;
    19076 : 413;
    19077 : 413;
    19078 : 413;
    19079 : 413;
    19080 : 413;
    19081 : 413;
    19082 : 413;
    19083 : 423;
    19084 : 413;
    19085 : 513;
    19086 : 513;
    19087 : 413;
    19088 : 313;
    19089 : 413;
    19090 : 413;
    19091 : 413;
    19092 : 413;
    19093 : 413;
    19094 : 413;
    19095 : 313;
    19096 : 423;
    19097 : 523;
    19098 : 413;
    19099 : 523;
    19100 : 523;
    19101 : 313;
    19102 : 413;
    19103 : 313;
    19104 : 423;
    19105 : 413;
    19106 : 313;
    19107 : 413;
    19108 : 313;
    19109 : 313;
    19110 : 423;
    19111 : 523;
    19112 : 523;
    19113 : 513;
    19114 : 423;
    19115 : 313;
    19116 : 313;
    19117 : 423;
    19118 : 313;
    19119 : 413;
    19120 : 313;
    19121 : 413;
    19122 : 313;
    19123 : 413;
    19124 : 313;
    19125 : 423;
    19126 : 423;
    19127 : 413;
    19128 : 513;
    19129 : 423;
    19130 : 313;
    19131 : 423;
    19132 : 413;
    19133 : 413;
    19134 : 413;
    19135 : 423;
    19136 : 413;
    19137 : 313;
    19138 : 524;
    19139 : 423;
    19140 : 523;
    19141 : 523;
    19142 : 424;
    19143 : 313;
    19144 : 413;
    19145 : 423;
    19146 : 413;
    19147 : 413;
    19148 : 413;
    19149 : 413;
    19150 : 423;
    19151 : 413;
    19152 : 523;
    19153 : 523;
    19154 : 523;
    19155 : 423;
    19156 : 323;
    19157 : 413;
    19158 : 313;
    19159 : 413;
    19160 : 423;
    19161 : 413;
    19162 : 423;
    19163 : 313;
    19164 : 423;
    19165 : 523;
    19166 : 423;
    19167 : 523;
    19168 : 424;
    19169 : 313;
    19170 : 423;
    19171 : 423;
    19172 : 323;
    19173 : 423;
    19174 : 413;
    19175 : 313;
    19176 : 313;
    19177 : 423;
    19178 : 523;
    19179 : 423;
    19180 : 523;
    19181 : 413;
    19182 : 313;
    19183 : 413;
    19184 : 423;
    19185 : 423;
    19186 : 423;
    19187 : 413;
    19188 : 413;
    19189 : 313;
    19190 : 413;
    19191 : 413;
    19192 : 423;
    19193 : 523;
    19194 : 524;
    19195 : 313;
    19196 : 413;
    19197 : 413;
    19198 : 413;
    19199 : 313;
END;
